timestamp,price,volume
1900-01-01 08:10:00.000,117.41,3
1900-01-01 08:10:00.100,117.41,1
1900-01-01 08:10:00.200,117.42,8
1900-01-01 08:10:00.300,117.41,2
1900-01-01 08:10:05.400,117.40826086956521,67
1900-01-01 08:10:07.300,117.405,4
1900-01-01 08:10:07.600,117.41000000000001,75
1900-01-01 08:10:07.700,117.41,17
1900-01-01 08:10:08.700,117.41,3
1900-01-01 08:10:12.800,117.41,8
1900-01-01 08:10:18.000,117.41,1
1900-01-01 08:10:19.600,117.42000000000002,18
1900-01-01 08:10:19.700,117.42,7
1900-01-01 08:10:19.900,117.42,24
1900-01-01 08:10:22.700,117.4135,75
1900-01-01 08:10:22.800,117.41,6
1900-01-01 08:10:28.300,117.41900000000001,25
1900-01-01 08:10:30.500,117.42,7
1900-01-01 08:10:30.600,117.42,3
1900-01-01 08:10:32.700,117.41499999999999,5
1900-01-01 08:10:38.000,117.41,6
1900-01-01 08:10:41.500,117.42,5
1900-01-01 08:10:41.600,117.42,3
1900-01-01 08:10:44.100,117.42,2
1900-01-01 08:10:46.000,117.41666666666667,3
1900-01-01 08:10:46.200,117.42,1
1900-01-01 08:10:48.800,117.42,5
1900-01-01 08:10:49.000,117.41,1
1900-01-01 08:10:49.100,117.41,1
1900-01-01 08:11:00.100,117.42,2
1900-01-01 08:11:02.200,117.418,7
1900-01-01 08:11:07.800,117.41,1
1900-01-01 08:11:13.600,117.42,1
1900-01-01 08:11:15.300,117.42,12
1900-01-01 08:11:15.400,117.41,3
1900-01-01 08:11:16.800,117.41666666666667,12
1900-01-01 08:11:22.600,117.418,13
1900-01-01 08:11:23.400,117.41888888888889,26
1900-01-01 08:11:31.700,117.41000000000001,52
1900-01-01 08:11:31.900,117.40000000000002,6
1900-01-01 08:11:32.000,117.40000000000002,3
1900-01-01 08:11:32.100,117.405,3
1900-01-01 08:11:38.700,117.41,2
1900-01-01 08:11:38.800,117.40666666666668,8
1900-01-01 08:11:39.800,117.40799999999999,12
1900-01-01 08:11:42.700,117.41,2
1900-01-01 08:11:43.900,117.405,2
1900-01-01 08:11:52.800,117.41000000000001,25
1900-01-01 08:11:53.000,117.4,6
1900-01-01 08:11:53.400,117.41,14
1900-01-01 08:12:03.500,117.41000000000001,10
1900-01-01 08:12:03.600,117.41,2
1900-01-01 08:12:05.900,117.42,8
1900-01-01 08:12:06.000,117.41,2
1900-01-01 08:12:09.200,117.41499999999999,5
1900-01-01 08:12:15.400,117.42,8
1900-01-01 08:12:15.500,117.41,2
1900-01-01 08:12:27.800,117.41,1
1900-01-01 08:12:28.600,117.42,15
1900-01-01 08:12:28.700,117.42,5
1900-01-01 08:12:31.700,117.42,29
1900-01-01 08:12:31.800,117.41166666666668,9
1900-01-01 08:12:31.900,117.42,1
1900-01-01 08:12:32.100,117.42,3
1900-01-01 08:12:32.200,117.41,1
1900-01-01 08:12:46.100,117.43,42
1900-01-01 08:12:46.200,117.43,7
1900-01-01 08:12:52.000,117.43,1
1900-01-01 08:12:55.600,117.43666666666667,9
1900-01-01 08:13:03.600,117.44,21
1900-01-01 08:13:03.700,117.44,6
1900-01-01 08:13:04.000,117.43666666666667,4
1900-01-01 08:13:09.300,117.44000000000001,33
1900-01-01 08:13:09.400,117.43333333333334,6
1900-01-01 08:13:14.500,117.44,3
1900-01-01 08:13:14.600,117.43,1
1900-01-01 08:13:16.300,117.45,3
1900-01-01 08:13:16.400,117.44,1
1900-01-01 08:13:16.500,117.45,1
1900-01-01 08:13:19.400,117.45,7
1900-01-01 08:13:30.000,117.44,104
1900-01-01 08:13:30.100,117.44,5
1900-01-01 08:13:30.200,117.44,1
1900-01-01 08:13:31.800,117.435,2
1900-01-01 08:13:31.900,117.44,1
1900-01-01 08:13:43.700,117.44,7
1900-01-01 08:13:43.800,117.44,2
1900-01-01 08:13:47.800,117.44,1
1900-01-01 08:13:53.800,117.453125,43
1900-01-01 08:13:53.900,117.46,9
1900-01-01 08:13:56.300,117.46,35
1900-01-01 08:13:56.400,117.4525,12
1900-01-01 08:14:00.100,117.46,2
1900-01-01 08:14:05.000,117.46,2
1900-01-01 08:14:05.100,117.455,2
1900-01-01 08:14:10.900,117.46,1
1900-01-01 08:14:11.200,117.46,1
1900-01-01 08:14:18.300,117.45818181818181,17
1900-01-01 08:14:18.400,117.45,2
1900-01-01 08:14:18.500,117.46,1
1900-01-01 08:14:22.100,117.45714285714284,10
1900-01-01 08:14:22.300,117.45833333333333,9
1900-01-01 08:14:24.500,117.45666666666666,6
1900-01-01 08:14:26.800,117.45,19
1900-01-01 08:14:26.900,117.45,4
1900-01-01 08:14:33.500,117.45714285714284,19
1900-01-01 08:14:35.300,117.46,10
1900-01-01 08:14:35.400,117.45,2
1900-01-01 08:14:47.100,117.45999999999998,18
1900-01-01 08:14:47.200,117.45545454545454,21
1900-01-01 08:14:52.000,117.46,6
1900-01-01 08:14:52.100,117.46,5
1900-01-01 08:14:55.500,117.45875,14
1900-01-01 08:14:55.600,117.45,3
1900-01-01 08:14:59.400,117.46,3
1900-01-01 08:15:06.800,117.46,6
1900-01-01 08:15:06.900,117.46,4
1900-01-01 08:15:16.700,117.46,27
1900-01-01 08:15:16.800,117.46,4
1900-01-01 08:15:20.000,117.46,2
1900-01-01 08:15:20.300,117.46,8
1900-01-01 08:15:22.600,117.45,9
1900-01-01 08:15:26.100,117.45,1
1900-01-01 08:15:27.800,117.45,1
1900-01-01 08:15:29.200,117.45,6
1900-01-01 08:15:33.600,117.45,1
1900-01-01 08:15:36.000,117.45999999999998,20
1900-01-01 08:15:36.100,117.46,6
1900-01-01 08:15:51.300,117.46,1
1900-01-01 08:15:56.900,117.46,6
1900-01-01 08:15:57.800,117.46,2
1900-01-01 08:15:59.200,117.46,2
1900-01-01 08:15:59.400,117.46,6
1900-01-01 08:15:59.700,117.46,1
1900-01-01 08:16:01.100,117.46,1
1900-01-01 08:16:03.000,117.46,9
1900-01-01 08:16:16.800,117.47,121
1900-01-01 08:16:20.400,117.46999999999998,5
1900-01-01 08:16:20.700,117.47,8
1900-01-01 08:16:47.800,117.47,1
1900-01-01 08:16:58.700,117.48,3
1900-01-01 08:16:58.800,117.48,21
1900-01-01 08:16:59.100,117.48,4
1900-01-01 08:16:59.200,117.48,5
1900-01-01 08:17:00.000,117.48,1
1900-01-01 08:17:00.100,117.48,1
1900-01-01 08:17:00.300,117.48,4
1900-01-01 08:17:00.400,117.48,6
1900-01-01 08:17:00.600,117.48,1
1900-01-01 08:17:14.600,117.47,7
1900-01-01 08:17:26.800,117.48,9
1900-01-01 08:17:34.800,117.48,5
1900-01-01 08:17:54.200,117.48,24
1900-01-01 08:18:00.000,117.47,1
1900-01-01 08:18:01.100,117.47999999999999,15
1900-01-01 08:18:01.400,117.48,17
1900-01-01 08:18:01.700,117.48,1
1900-01-01 08:18:04.900,117.48,7
1900-01-01 08:18:09.200,117.47999999999999,9
1900-01-01 08:18:14.400,117.48,2
1900-01-01 08:18:14.500,117.48,1
1900-01-01 08:18:33.300,117.47999999999999,6
1900-01-01 08:18:36.200,117.47999999999999,10
1900-01-01 08:18:36.400,117.48,1
1900-01-01 08:18:37.700,117.48999999999998,68
1900-01-01 08:18:38.200,117.49,2
1900-01-01 08:18:42.100,117.47999999999999,35
1900-01-01 08:18:42.200,117.48,2
1900-01-01 08:18:51.500,117.48,4
1900-01-01 08:19:05.200,117.49,1
1900-01-01 08:19:05.300,117.48,1
1900-01-01 08:19:06.000,117.48,1
1900-01-01 08:19:22.700,117.49,17
1900-01-01 08:19:22.800,117.49,3
1900-01-01 08:19:31.300,117.5,70
1900-01-01 08:19:31.400,117.50333333333333,3
1900-01-01 08:19:31.500,117.51,2
1900-01-01 08:19:36.500,117.51,2
1900-01-01 08:19:48.800,117.5,17
1900-01-01 08:19:48.900,117.5,4
1900-01-01 08:19:49.700,117.5,3
1900-01-01 08:19:50.600,117.5,49
1900-01-01 08:19:59.200,117.51000000000002,13
1900-01-01 08:19:59.300,117.51,3
1900-01-01 08:20:00.000,117.51100000000001,43
1900-01-01 08:20:00.100,117.51111111111112,19
1900-01-01 08:20:00.200,117.51,8
1900-01-01 08:20:00.300,117.52,1
1900-01-01 08:20:01.400,117.51200000000001,5
1900-01-01 08:20:03.900,117.5,49
1900-01-01 08:20:06.600,117.51000000000002,36
1900-01-01 08:20:06.700,117.51,5
1900-01-01 08:20:06.900,117.52,1
1900-01-01 08:20:07.000,117.52,1
1900-01-01 08:20:11.000,117.52,1
1900-01-01 08:20:12.800,117.51000000000002,8
1900-01-01 08:20:13.400,117.5,1
1900-01-01 08:20:14.300,117.51,4
1900-01-01 08:20:16.400,117.51,1
1900-01-01 08:20:17.700,117.51,4
1900-01-01 08:20:19.000,117.5,97
1900-01-01 08:20:21.300,117.51,7
1900-01-01 08:20:22.200,117.5,2
1900-01-01 08:20:25.000,117.5,73
1900-01-01 08:20:31.600,117.5,12
1900-01-01 08:20:31.700,117.5,1
1900-01-01 08:20:32.300,117.5,1
1900-01-01 08:20:34.000,117.5,7
1900-01-01 08:20:39.000,117.48999999999998,12
1900-01-01 08:20:39.100,117.49,2
1900-01-01 08:20:52.900,117.49,1
1900-01-01 08:20:53.000,117.485,2
1900-01-01 08:20:58.300,117.48,13
1900-01-01 08:21:00.000,117.475,2
1900-01-01 08:21:00.100,117.47999999999999,7
1900-01-01 08:21:00.200,117.48,2
1900-01-01 08:21:04.200,117.48,3
1900-01-01 08:21:05.000,117.48,22
1900-01-01 08:21:06.500,117.48,3
1900-01-01 08:21:06.800,117.49,1
1900-01-01 08:21:10.700,117.47,1
1900-01-01 08:21:12.900,117.48,9
1900-01-01 08:21:19.800,117.48,49
1900-01-01 08:21:31.500,117.48,49
1900-01-01 08:21:32.100,117.47999999999999,5
1900-01-01 08:21:32.500,117.48,1
1900-01-01 08:21:35.500,117.47999999999999,6
1900-01-01 08:21:35.900,117.47999999999999,8
1900-01-01 08:21:48.600,117.49,1
1900-01-01 08:21:55.000,117.48,1
1900-01-01 08:21:57.000,117.48,1
1900-01-01 08:21:58.300,117.48,4
1900-01-01 08:22:00.200,117.48,4
1900-01-01 08:22:00.300,117.48,4
1900-01-01 08:22:01.000,117.49,1
1900-01-01 08:22:01.100,117.48,1
1900-01-01 08:22:05.900,117.482,9
1900-01-01 08:22:06.000,117.48,1
1900-01-01 08:22:10.400,117.47,1
1900-01-01 08:22:16.000,117.47,1
1900-01-01 08:22:18.600,117.47,1
1900-01-01 08:22:20.200,117.47,167
1900-01-01 08:22:20.400,117.46999999999998,32
1900-01-01 08:22:27.900,117.48,49
1900-01-01 08:22:28.100,117.48,1
1900-01-01 08:22:29.600,117.48,40
1900-01-01 08:22:29.700,117.48,1
1900-01-01 08:22:32.500,117.49,1
1900-01-01 08:22:32.900,117.48,7
1900-01-01 08:22:35.200,117.48,25
1900-01-01 08:22:35.700,117.48,5
1900-01-01 08:22:36.100,117.49,1
1900-01-01 08:22:41.000,117.48,5
1900-01-01 08:22:41.200,117.48,1
1900-01-01 08:22:41.400,117.48,4
1900-01-01 08:22:54.000,117.47,1
1900-01-01 08:23:00.000,117.475,2
1900-01-01 08:23:00.200,117.47000000000001,206
1900-01-01 08:23:00.300,117.47,4
1900-01-01 08:23:00.400,117.47,1
1900-01-01 08:23:00.500,117.47,2
1900-01-01 08:23:04.900,117.47,22
1900-01-01 08:23:05.900,117.48,1
1900-01-01 08:23:07.400,117.46999999999998,3
1900-01-01 08:23:08.000,117.47,1
1900-01-01 08:23:08.300,117.48,2
1900-01-01 08:23:09.600,117.48,1
1900-01-01 08:23:11.300,117.47,1
1900-01-01 08:23:11.400,117.47,1
1900-01-01 08:23:11.500,117.47,3
1900-01-01 08:23:14.000,117.48,14
1900-01-01 08:23:15.900,117.48,8
1900-01-01 08:23:20.300,117.48,3
1900-01-01 08:23:23.100,117.48,13
1900-01-01 08:23:28.100,117.48,4
1900-01-01 08:23:28.200,117.48,1
1900-01-01 08:23:34.100,117.48,19
1900-01-01 08:23:37.900,117.48,19
1900-01-01 08:23:38.000,117.48,1
1900-01-01 08:23:38.400,117.48,1
1900-01-01 08:23:51.000,117.47,1
1900-01-01 08:23:55.000,117.47857142857143,17
1900-01-01 08:23:58.200,117.49,1
1900-01-01 08:23:58.700,117.48,8
1900-01-01 08:23:59.800,117.48,3
1900-01-01 08:24:00.000,117.48,4
1900-01-01 08:24:00.100,117.48,5
1900-01-01 08:24:01.600,117.47999999999999,7
1900-01-01 08:24:02.000,117.48,2
1900-01-01 08:24:05.800,117.48,1
1900-01-01 08:24:09.100,117.48,14
1900-01-01 08:24:10.200,117.48,5
1900-01-01 08:24:10.300,117.48,4
1900-01-01 08:24:12.100,117.47,37
1900-01-01 08:24:12.200,117.47,1
1900-01-01 08:24:14.000,117.47,3
1900-01-01 08:24:16.700,117.46999999999998,14
1900-01-01 08:24:23.600,117.47,4
1900-01-01 08:24:27.200,117.47,7
1900-01-01 08:24:27.400,117.47,1
1900-01-01 08:24:34.900,117.46999999999998,8
1900-01-01 08:24:39.000,117.47,13
1900-01-01 08:24:45.800,117.48,1
1900-01-01 08:24:49.900,117.48,3
1900-01-01 08:24:50.700,117.48,5
1900-01-01 08:24:56.000,117.49,8
1900-01-01 08:25:00.000,117.49,16
1900-01-01 08:25:00.500,117.4975,12
1900-01-01 08:25:01.100,117.5,2
1900-01-01 08:25:06.200,117.5,93
1900-01-01 08:25:11.700,117.51,1
1900-01-01 08:25:15.300,117.51,22
1900-01-01 08:25:15.400,117.51000000000002,46
1900-01-01 08:25:16.000,117.52,6
1900-01-01 08:25:16.100,117.52,3
1900-01-01 08:25:17.000,117.52000000000001,11
1900-01-01 08:25:17.200,117.52,2
1900-01-01 08:25:18.400,117.52,6
1900-01-01 08:25:18.600,117.52,7
1900-01-01 08:25:19.400,117.52,19
1900-01-01 08:25:19.600,117.52,6
1900-01-01 08:25:20.600,117.52,6
1900-01-01 08:25:22.700,117.52,1
1900-01-01 08:25:38.500,117.52,22
1900-01-01 08:25:38.600,117.52,3
1900-01-01 08:25:39.300,117.52,1
1900-01-01 08:25:40.700,117.52,1
1900-01-01 08:25:42.000,117.52,4
1900-01-01 08:25:49.700,117.52,1
1900-01-01 08:25:53.400,117.515,2
1900-01-01 08:25:56.900,117.51,26
1900-01-01 08:25:57.000,117.51,1
1900-01-01 08:26:00.400,117.5,11
1900-01-01 08:26:02.200,117.5,17
1900-01-01 08:26:02.300,117.5,30
1900-01-01 08:26:04.000,117.5,8
1900-01-01 08:26:06.900,117.51,9
1900-01-01 08:26:12.200,117.51,1
1900-01-01 08:26:15.000,117.50888888888888,16
1900-01-01 08:26:21.200,117.52,2
1900-01-01 08:26:21.400,117.52,2
1900-01-01 08:26:24.800,117.51000000000002,20
1900-01-01 08:26:24.900,117.51,1
1900-01-01 08:26:29.400,117.51,2
1900-01-01 08:26:30.300,117.51,11
1900-01-01 08:26:31.300,117.51,1
1900-01-01 08:26:31.400,117.51,1
1900-01-01 08:26:35.000,117.51,9
1900-01-01 08:26:41.300,117.505,2
1900-01-01 08:26:46.300,117.51,1
1900-01-01 08:27:00.000,117.505,2
1900-01-01 08:27:01.000,117.51,25
1900-01-01 08:27:14.900,117.51,5
1900-01-01 08:27:20.000,117.51,1
1900-01-01 08:27:29.000,117.515,2
1900-01-01 08:27:37.100,117.52,1
1900-01-01 08:27:38.500,117.52,16
1900-01-01 08:27:38.600,117.52,11
1900-01-01 08:27:43.800,117.52,20
1900-01-01 08:27:51.500,117.52,4
1900-01-01 08:27:52.300,117.52,2
1900-01-01 08:27:58.000,117.51,1
1900-01-01 08:28:01.200,117.51,4
1900-01-01 08:28:02.100,117.51,1
1900-01-01 08:28:16.000,117.51,1
1900-01-01 08:28:17.000,117.51,1
1900-01-01 08:28:22.700,117.51,38
1900-01-01 08:28:22.800,117.51,6
1900-01-01 08:28:23.600,117.5,1
1900-01-01 08:28:28.000,117.51,1
1900-01-01 08:28:29.300,117.51,1
1900-01-01 08:28:35.400,117.5,3
1900-01-01 08:28:35.500,117.5,2
1900-01-01 08:28:36.000,117.5,1
1900-01-01 08:28:38.400,117.51,11
1900-01-01 08:28:46.200,117.5,4
1900-01-01 08:28:47.300,117.5,33
1900-01-01 08:28:47.400,117.5,1
1900-01-01 08:28:47.800,117.5,1
1900-01-01 08:28:47.900,117.5,1
1900-01-01 08:28:48.100,117.5,5
1900-01-01 08:28:51.200,117.51000000000002,14
1900-01-01 08:28:55.100,117.52,1
1900-01-01 08:28:56.400,117.51000000000002,15
1900-01-01 08:29:00.200,117.51,1
1900-01-01 08:29:01.300,117.5,3
1900-01-01 08:29:02.100,117.5,1
1900-01-01 08:29:12.600,117.5,17
1900-01-01 08:29:12.700,117.5,1
1900-01-01 08:29:14.000,117.49,1
1900-01-01 08:29:15.000,117.5,1
1900-01-01 08:29:15.400,117.5,1
1900-01-01 08:29:20.600,117.5,4
1900-01-01 08:29:21.000,117.49,1
1900-01-01 08:29:21.500,117.5,1
1900-01-01 08:29:21.800,117.49,3
1900-01-01 08:29:21.900,117.5,1
1900-01-01 08:29:22.000,117.5,1
1900-01-01 08:29:22.600,117.5,2
1900-01-01 08:29:24.900,117.49099999999999,51
1900-01-01 08:29:32.200,117.5,12
1900-01-01 08:29:44.400,117.5,13
1900-01-01 08:29:44.500,117.5,2
1900-01-01 08:29:50.100,117.49,12
1900-01-01 08:29:50.200,117.48666666666666,3
1900-01-01 08:29:50.300,117.49,1
1900-01-01 08:29:52.000,117.48,1
1900-01-01 08:29:55.200,117.48,9
1900-01-01 08:29:57.100,117.46666666666665,9
1900-01-01 08:29:57.200,117.47,14
1900-01-01 08:29:57.600,117.46999999999998,21
1900-01-01 08:29:58.200,117.47,1
1900-01-01 08:29:58.300,117.47,1
1900-01-01 08:30:35.200,117.23117647058824,27
1900-01-01 08:30:35.300,117.24,1
1900-01-01 08:30:35.800,117.23,3
1900-01-01 08:30:35.900,117.22,13
1900-01-01 08:30:36.100,117.21374999999999,9
1900-01-01 08:30:37.100,117.2,9
1900-01-01 08:30:37.200,117.2,1
1900-01-01 08:30:37.400,117.21,5
1900-01-01 08:30:37.500,117.22,1
1900-01-01 08:30:37.800,117.22,1
1900-01-01 08:30:38.000,117.22,1
1900-01-01 08:30:38.300,117.22,1
1900-01-01 08:30:38.900,117.22,2
1900-01-01 08:30:39.000,117.22,1
1900-01-01 08:30:39.500,117.23,1
1900-01-01 08:30:39.700,117.23,1
1900-01-01 08:30:40.500,117.24363636363637,23
1900-01-01 08:30:40.600,117.24714285714286,9
1900-01-01 08:30:40.700,117.24,6
1900-01-01 08:30:41.000,117.235,2
1900-01-01 08:30:41.200,117.24,2
1900-01-01 08:30:41.700,117.24,2
1900-01-01 08:30:42.000,117.24,2
1900-01-01 08:30:42.200,117.24,1
1900-01-01 08:30:42.300,117.25,2
1900-01-01 08:30:42.600,117.25,9
1900-01-01 08:30:42.700,117.25,9
1900-01-01 08:30:43.000,117.24,3
1900-01-01 08:30:43.300,117.25,2
1900-01-01 08:30:43.600,117.24,1
1900-01-01 08:30:44.200,117.24,9
1900-01-01 08:30:45.100,117.25,18
1900-01-01 08:30:45.300,117.26,3
1900-01-01 08:30:45.400,117.26,12
1900-01-01 08:30:45.600,117.26,4
1900-01-01 08:30:45.700,117.2655,61
1900-01-01 08:30:45.800,117.26,1
1900-01-01 08:30:46.000,117.26,1
1900-01-01 08:30:46.100,117.2625,5
1900-01-01 08:30:46.300,117.26000000000002,8
1900-01-01 08:30:46.400,117.25,23
1900-01-01 08:30:46.500,117.26,5
1900-01-01 08:30:46.600,117.255,12
1900-01-01 08:30:46.900,117.26,7
1900-01-01 08:30:47.200,117.26,1
1900-01-01 08:30:47.400,117.25,13
1900-01-01 08:30:47.500,117.26000000000002,5
1900-01-01 08:30:47.800,117.26,1
1900-01-01 08:30:48.000,117.26,3
1900-01-01 08:30:48.200,117.26,5
1900-01-01 08:30:48.400,117.26,5
1900-01-01 08:30:48.800,117.26,3
1900-01-01 08:30:48.900,117.26,10
1900-01-01 08:30:49.100,117.25,17
1900-01-01 08:30:49.200,117.25,5
1900-01-01 08:30:49.300,117.25,1
1900-01-01 08:30:49.500,117.23999999999998,6
1900-01-01 08:30:49.600,117.25,12
1900-01-01 08:30:50.000,117.24,5
1900-01-01 08:30:50.100,117.24,3
1900-01-01 08:30:50.200,117.24,2
1900-01-01 08:30:50.300,117.24,1
1900-01-01 08:30:50.500,117.23,19
1900-01-01 08:30:50.600,117.23833333333333,8
1900-01-01 08:30:50.700,117.24,1
1900-01-01 08:30:50.900,117.24,3
1900-01-01 08:30:51.000,117.24666666666667,4
1900-01-01 08:30:51.600,117.24,18
1900-01-01 08:30:51.800,117.25,10
1900-01-01 08:30:52.100,117.23,3
1900-01-01 08:30:52.300,117.23,2
1900-01-01 08:30:52.500,117.24,8
1900-01-01 08:30:52.600,117.24,1
1900-01-01 08:30:52.700,117.23,4
1900-01-01 08:30:53.000,117.23,9
1900-01-01 08:30:53.100,117.22999999999999,11
1900-01-01 08:30:53.300,117.23,5
1900-01-01 08:30:53.400,117.24,3
1900-01-01 08:30:53.500,117.24,1
1900-01-01 08:30:53.800,117.25,4
1900-01-01 08:30:54.000,117.25,1
1900-01-01 08:30:54.600,117.23999999999998,34
1900-01-01 08:30:55.900,117.23,1
1900-01-01 08:30:57.300,117.24,4
1900-01-01 08:30:57.400,117.24,3
1900-01-01 08:30:57.800,117.2325,16
1900-01-01 08:30:58.500,117.23,2
1900-01-01 08:30:58.900,117.24,6
1900-01-01 08:30:59.100,117.23,2
1900-01-01 08:30:59.200,117.22,6
1900-01-01 08:30:59.400,117.21,2
1900-01-01 08:30:59.500,117.21,1
1900-01-01 08:30:59.700,117.21,4
1900-01-01 08:31:00.000,117.22,6
1900-01-01 08:31:00.100,117.21571428571428,12
1900-01-01 08:31:00.200,117.21,2
1900-01-01 08:31:00.300,117.22,19
1900-01-01 08:31:00.400,117.22857142857143,23
1900-01-01 08:31:00.500,117.22,7
1900-01-01 08:31:00.600,117.21,6
1900-01-01 08:31:00.900,117.21,4
1900-01-01 08:31:01.000,117.2025,17
1900-01-01 08:31:01.100,117.21,9
1900-01-01 08:31:01.200,117.21,3
1900-01-01 08:31:01.600,117.21,3
1900-01-01 08:31:01.700,117.21,1
1900-01-01 08:31:01.800,117.21,1
1900-01-01 08:31:02.000,117.22285714285714,89
1900-01-01 08:31:02.200,117.22,3
1900-01-01 08:31:02.500,117.22,6
1900-01-01 08:31:02.700,117.22,2
1900-01-01 08:31:02.800,117.22,9
1900-01-01 08:31:02.900,117.21999999999998,3
1900-01-01 08:31:03.200,117.22,4
1900-01-01 08:31:03.300,117.22,3
1900-01-01 08:31:03.500,117.22999999999999,6
1900-01-01 08:31:04.100,117.21999999999998,3
1900-01-01 08:31:04.200,117.22,1
1900-01-01 08:31:04.700,117.21999999999998,10
1900-01-01 08:31:05.200,117.21999999999998,7
1900-01-01 08:31:06.100,117.22,9
1900-01-01 08:31:06.600,117.22999999999999,14
1900-01-01 08:31:06.800,117.22,10
1900-01-01 08:31:06.900,117.22,1
1900-01-01 08:31:07.100,117.22,3
1900-01-01 08:31:07.800,117.21,101
1900-01-01 08:31:08.500,117.21,24
1900-01-01 08:31:08.600,117.22,21
1900-01-01 08:31:08.700,117.22,1
1900-01-01 08:31:08.900,117.22,3
1900-01-01 08:31:10.100,117.21999999999998,4
1900-01-01 08:31:10.400,117.22,2
1900-01-01 08:31:10.700,117.22999999999999,27
1900-01-01 08:31:10.900,117.23,2
1900-01-01 08:31:11.300,117.22,7
1900-01-01 08:31:11.600,117.22,1
1900-01-01 08:31:11.700,117.21999999999998,10
1900-01-01 08:31:11.800,117.22,1
1900-01-01 08:31:12.100,117.21,59
1900-01-01 08:31:12.500,117.21,6
1900-01-01 08:31:12.900,117.2,1
1900-01-01 08:31:13.100,117.19000000000001,13
1900-01-01 08:31:13.200,117.19,1
1900-01-01 08:31:14.300,117.18000000000002,7
1900-01-01 08:31:15.000,117.18,2
1900-01-01 08:31:15.100,117.174,20
1900-01-01 08:31:15.300,117.185,4
1900-01-01 08:31:15.600,117.19,11
1900-01-01 08:31:15.900,117.19,4
1900-01-01 08:31:16.300,117.19,10
1900-01-01 08:31:17.000,117.19,1
1900-01-01 08:31:17.700,117.19,4
1900-01-01 08:31:18.300,117.19,2
1900-01-01 08:31:18.400,117.19,3
1900-01-01 08:31:18.600,117.18083333333334,51
1900-01-01 08:31:20.200,117.18,17
1900-01-01 08:31:20.300,117.18,7
1900-01-01 08:31:21.700,117.18,1
1900-01-01 08:31:22.100,117.17,19
1900-01-01 08:31:22.300,117.16000000000001,10
1900-01-01 08:31:22.400,117.16000000000001,8
1900-01-01 08:31:22.500,117.17,9
1900-01-01 08:31:23.100,117.18,9
1900-01-01 08:31:23.700,117.19,8
1900-01-01 08:31:24.400,117.2,8
1900-01-01 08:31:25.800,117.19000000000001,23
1900-01-01 08:31:25.900,117.19,2
1900-01-01 08:31:26.100,117.18,19
1900-01-01 08:31:26.600,117.18,1
1900-01-01 08:31:27.200,117.19,1
1900-01-01 08:31:28.200,117.19,1
1900-01-01 08:31:28.700,117.19,1
1900-01-01 08:31:29.500,117.1925,8
1900-01-01 08:31:29.600,117.2,6
1900-01-01 08:31:30.200,117.2,11
1900-01-01 08:31:30.300,117.2,1
1900-01-01 08:31:31.500,117.2,2
1900-01-01 08:31:32.300,117.2,1
1900-01-01 08:31:32.600,117.2,10
1900-01-01 08:31:32.800,117.2,1
1900-01-01 08:31:33.400,117.2,5
1900-01-01 08:31:33.500,117.2,8
1900-01-01 08:31:34.000,117.21,8
1900-01-01 08:31:34.200,117.21,4
1900-01-01 08:31:34.300,117.21,2
1900-01-01 08:31:34.400,117.21999999999998,5
1900-01-01 08:31:34.600,117.22,3
1900-01-01 08:31:34.900,117.22,1
1900-01-01 08:31:35.000,117.22,1
1900-01-01 08:31:35.100,117.22,7
1900-01-01 08:31:35.500,117.23,2
1900-01-01 08:31:35.600,117.23714285714286,22
1900-01-01 08:31:35.700,117.24,4
1900-01-01 08:31:35.800,117.24,1
1900-01-01 08:31:36.200,117.24,1
1900-01-01 08:31:36.900,117.24,7
1900-01-01 08:31:37.000,117.24,14
1900-01-01 08:31:37.200,117.24,2
1900-01-01 08:31:37.600,117.24,4
1900-01-01 08:31:38.400,117.25,7
1900-01-01 08:31:38.800,117.26,4
1900-01-01 08:31:38.900,117.26,3
1900-01-01 08:31:39.000,117.26000000000002,5
1900-01-01 08:31:39.100,117.26,7
1900-01-01 08:31:39.600,117.25,18
1900-01-01 08:31:39.800,117.25,1
1900-01-01 08:31:39.900,117.255,6
1900-01-01 08:31:40.100,117.25,4
1900-01-01 08:31:40.700,117.25,1
1900-01-01 08:31:40.900,117.25,9
1900-01-01 08:31:41.200,117.25,3
1900-01-01 08:31:41.400,117.25,2
1900-01-01 08:31:41.800,117.25,3
1900-01-01 08:31:42.000,117.25,1
1900-01-01 08:31:42.100,117.25,14
1900-01-01 08:31:43.100,117.26,8
1900-01-01 08:31:43.200,117.26,2
1900-01-01 08:31:44.000,117.26,3
1900-01-01 08:31:44.400,117.26,3
1900-01-01 08:31:44.600,117.27,1
1900-01-01 08:31:45.200,117.27,7
1900-01-01 08:31:45.300,117.27,1
1900-01-01 08:31:45.800,117.27,15
1900-01-01 08:31:46.200,117.27,2
1900-01-01 08:31:47.500,117.27,3
1900-01-01 08:31:48.500,117.27,5
1900-01-01 08:31:49.100,117.27,4
1900-01-01 08:31:50.800,117.26,7
1900-01-01 08:31:50.900,117.26,2
1900-01-01 08:31:51.200,117.269,42
1900-01-01 08:31:51.300,117.26,3
1900-01-01 08:31:51.400,117.26,2
1900-01-01 08:31:51.800,117.27,1
1900-01-01 08:31:52.500,117.28,13
1900-01-01 08:31:52.600,117.28,2
1900-01-01 08:31:52.700,117.29,2
1900-01-01 08:31:53.000,117.29,5
1900-01-01 08:31:53.100,117.29,1
1900-01-01 08:31:53.800,117.29,6
1900-01-01 08:31:53.900,117.3,3
1900-01-01 08:31:54.100,117.29,1
1900-01-01 08:31:54.300,117.3,2
1900-01-01 08:31:54.400,117.3,2
1900-01-01 08:31:54.800,117.29,4
1900-01-01 08:31:55.000,117.29,4
1900-01-01 08:31:55.300,117.28,4
1900-01-01 08:31:55.400,117.28,1
1900-01-01 08:31:55.500,117.27,4
1900-01-01 08:31:57.000,117.27,1
1900-01-01 08:31:57.800,117.28,2
1900-01-01 08:32:00.100,117.27,4
1900-01-01 08:32:00.800,117.255,4
1900-01-01 08:32:00.900,117.24,3
1900-01-01 08:32:01.000,117.24,1
1900-01-01 08:32:02.500,117.24,31
1900-01-01 08:32:02.600,117.245,2
1900-01-01 08:32:02.700,117.25,2
1900-01-01 08:32:03.300,117.245,4
1900-01-01 08:32:03.900,117.24,6
1900-01-01 08:32:04.000,117.24,3
1900-01-01 08:32:04.300,117.25,5
1900-01-01 08:32:04.900,117.26,14
1900-01-01 08:32:05.800,117.26,1
1900-01-01 08:32:05.900,117.26,1
1900-01-01 08:32:06.500,117.25,1
1900-01-01 08:32:06.800,117.25,1
1900-01-01 08:32:07.300,117.25,1
1900-01-01 08:32:08.000,117.25,1
1900-01-01 08:32:09.200,117.26,12
1900-01-01 08:32:09.900,117.26,16
1900-01-01 08:32:10.000,117.27,19
1900-01-01 08:32:10.500,117.27,27
1900-01-01 08:32:11.000,117.28,25
1900-01-01 08:32:12.300,117.28000000000002,8
1900-01-01 08:32:13.900,117.27,54
1900-01-01 08:32:16.800,117.26,64
1900-01-01 08:32:16.900,117.25,17
1900-01-01 08:32:17.700,117.24,3
1900-01-01 08:32:17.900,117.24,4
1900-01-01 08:32:18.300,117.24,1
1900-01-01 08:32:18.400,117.24,7
1900-01-01 08:32:20.000,117.24,1
1900-01-01 08:32:21.000,117.25,2
1900-01-01 08:32:21.200,117.25,3
1900-01-01 08:32:21.600,117.26000000000002,10
1900-01-01 08:32:21.900,117.25,18
1900-01-01 08:32:22.000,117.26000000000002,13
1900-01-01 08:32:22.100,117.26,2
1900-01-01 08:32:22.700,117.26,6
1900-01-01 08:32:24.600,117.26,1
1900-01-01 08:32:24.700,117.27000000000001,51
1900-01-01 08:32:25.900,117.27,3
1900-01-01 08:32:27.000,117.27,1
1900-01-01 08:32:31.200,117.27,3
1900-01-01 08:32:31.400,117.27,1
1900-01-01 08:32:33.200,117.2632,56
1900-01-01 08:32:33.300,117.26,3
1900-01-01 08:32:33.500,117.26846153846154,30
1900-01-01 08:32:35.000,117.26,3
1900-01-01 08:32:35.100,117.26,1
1900-01-01 08:32:35.700,117.26,1
1900-01-01 08:32:36.800,117.27,4
1900-01-01 08:32:38.400,117.26,15
1900-01-01 08:32:38.500,117.27,1
1900-01-01 08:32:38.700,117.28,1
1900-01-01 08:32:39.000,117.28000000000002,5
1900-01-01 08:32:39.200,117.28,2
1900-01-01 08:32:40.500,117.28,3
1900-01-01 08:32:41.200,117.29,3
1900-01-01 08:32:41.300,117.28,1
1900-01-01 08:32:41.400,117.29,2
1900-01-01 08:32:41.600,117.28333333333335,6
1900-01-01 08:32:41.700,117.28,1
1900-01-01 08:32:42.600,117.28,2
1900-01-01 08:32:42.900,117.28,3
1900-01-01 08:32:43.200,117.28,4
1900-01-01 08:32:44.400,117.29000000000002,11
1900-01-01 08:32:44.600,117.29,6
1900-01-01 08:32:44.700,117.29,18
1900-01-01 08:32:46.100,117.3,26
1900-01-01 08:32:46.200,117.31,22
1900-01-01 08:32:46.400,117.31,4
1900-01-01 08:32:46.500,117.31,4
1900-01-01 08:32:46.600,117.31,1
1900-01-01 08:32:46.700,117.31,1
1900-01-01 08:32:46.800,117.31,3
1900-01-01 08:32:46.900,117.3,3
1900-01-01 08:32:47.400,117.3,21
1900-01-01 08:32:47.500,117.3,2
1900-01-01 08:32:47.700,117.3,1
1900-01-01 08:32:47.800,117.292,6
1900-01-01 08:32:47.900,117.29,2
1900-01-01 08:32:48.600,117.29,6
1900-01-01 08:32:48.700,117.29,5
1900-01-01 08:32:49.100,117.29,1
1900-01-01 08:32:50.300,117.285,2
1900-01-01 08:32:50.700,117.28,5
1900-01-01 08:32:51.100,117.28,4
1900-01-01 08:32:51.300,117.29,8
1900-01-01 08:32:51.900,117.29,10
1900-01-01 08:32:53.100,117.29,2
1900-01-01 08:32:53.800,117.28653846153847,36
1900-01-01 08:32:55.500,117.28,2
1900-01-01 08:32:56.300,117.28000000000002,3
1900-01-01 08:32:57.600,117.27,1
1900-01-01 08:32:58.400,117.28,2
1900-01-01 08:32:59.200,117.28,1
1900-01-01 08:32:59.900,117.28,2
1900-01-01 08:33:00.200,117.27,1
1900-01-01 08:33:00.300,117.27166666666666,20
1900-01-01 08:33:02.400,117.28,38
1900-01-01 08:33:03.800,117.28,11
1900-01-01 08:33:03.900,117.29,7
1900-01-01 08:33:04.500,117.29,1
1900-01-01 08:33:05.600,117.29,1
1900-01-01 08:33:07.200,117.29,32
1900-01-01 08:33:08.800,117.3,7
1900-01-01 08:33:10.200,117.29,2
1900-01-01 08:33:13.300,117.28538461538461,55
1900-01-01 08:33:13.400,117.29,3
1900-01-01 08:33:13.900,117.29,9
1900-01-01 08:33:15.200,117.29,9
1900-01-01 08:33:15.700,117.29,5
1900-01-01 08:33:16.600,117.29,1
1900-01-01 08:33:17.200,117.29,1
1900-01-01 08:33:17.400,117.29,1
1900-01-01 08:33:18.100,117.29,1
1900-01-01 08:33:18.300,117.29,1
1900-01-01 08:33:20.200,117.28000000000002,11
1900-01-01 08:33:20.300,117.27083333333333,19
1900-01-01 08:33:21.700,117.26,1
1900-01-01 08:33:24.000,117.26,1
1900-01-01 08:33:26.800,117.27,10
1900-01-01 08:33:27.800,117.27,7
1900-01-01 08:33:27.900,117.27,2
1900-01-01 08:33:28.400,117.28,1
1900-01-01 08:33:30.500,117.29,16
1900-01-01 08:33:30.700,117.29,3
1900-01-01 08:33:31.800,117.29,1
1900-01-01 08:33:31.900,117.29,1
1900-01-01 08:33:34.500,117.29,4
1900-01-01 08:33:35.100,117.28,12
1900-01-01 08:33:36.800,117.27000000000001,7
1900-01-01 08:33:37.800,117.27,2
1900-01-01 08:33:37.900,117.27,1
1900-01-01 08:33:38.000,117.27,1
1900-01-01 08:33:38.100,117.27,1
1900-01-01 08:33:38.700,117.28,19
1900-01-01 08:33:38.900,117.28,5
1900-01-01 08:33:39.100,117.26821428571428,59
1900-01-01 08:33:39.200,117.27,8
1900-01-01 08:33:39.300,117.27000000000001,9
1900-01-01 08:33:39.400,117.27000000000001,9
1900-01-01 08:33:39.500,117.27000000000001,15
1900-01-01 08:33:39.600,117.27,8
1900-01-01 08:33:39.700,117.27000000000001,9
1900-01-01 08:33:39.800,117.27000000000001,9
1900-01-01 08:33:39.900,117.27,4
1900-01-01 08:33:40.000,117.27000000000001,5
1900-01-01 08:33:40.100,117.27,6
1900-01-01 08:33:40.200,117.27,8
1900-01-01 08:33:40.300,117.27,3
1900-01-01 08:33:40.400,117.27,8
1900-01-01 08:33:40.500,117.27,3
1900-01-01 08:33:40.600,117.27,4
1900-01-01 08:33:40.700,117.27,3
1900-01-01 08:33:40.800,117.27,3
1900-01-01 08:33:40.900,117.27,4
1900-01-01 08:33:41.000,117.27,4
1900-01-01 08:33:41.100,117.27,8
1900-01-01 08:33:41.200,117.27,4
1900-01-01 08:33:41.300,117.27,4
1900-01-01 08:33:41.400,117.27,6
1900-01-01 08:33:41.500,117.27,11
1900-01-01 08:33:41.600,117.27,8
1900-01-01 08:33:41.700,117.27,7
1900-01-01 08:33:41.900,117.27,2
1900-01-01 08:33:42.100,117.27,3
1900-01-01 08:33:42.200,117.27,2
1900-01-01 08:33:42.300,117.27,7
1900-01-01 08:33:42.400,117.27,2
1900-01-01 08:33:42.800,117.27,17
1900-01-01 08:33:43.700,117.28000000000002,8
1900-01-01 08:33:44.200,117.29,21
1900-01-01 08:33:44.300,117.28,12
1900-01-01 08:33:45.000,117.28,13
1900-01-01 08:33:45.100,117.27,8
1900-01-01 08:33:45.200,117.27,7
1900-01-01 08:33:45.300,117.27,2
1900-01-01 08:33:45.900,117.27,2
1900-01-01 08:33:46.200,117.27,10
1900-01-01 08:33:46.300,117.27,22
1900-01-01 08:33:47.200,117.26,2
1900-01-01 08:33:47.700,117.27,40
1900-01-01 08:33:47.800,117.27,1
1900-01-01 08:33:49.800,117.27,1
1900-01-01 08:33:50.700,117.27,2
1900-01-01 08:33:51.100,117.26,4
1900-01-01 08:33:51.200,117.26,3
1900-01-01 08:33:52.900,117.27,5
1900-01-01 08:33:53.700,117.27,3
1900-01-01 08:33:57.900,117.26,1
1900-01-01 08:33:58.500,117.27,6
1900-01-01 08:33:58.700,117.27,1
1900-01-01 08:33:59.600,117.27,5
1900-01-01 08:33:59.900,117.27,3
1900-01-01 08:34:00.300,117.27,3
1900-01-01 08:34:01.400,117.26,15
1900-01-01 08:34:01.500,117.26,1
1900-01-01 08:34:01.700,117.27,8
1900-01-01 08:34:02.600,117.26,3
1900-01-01 08:34:03.300,117.26,2
1900-01-01 08:34:03.600,117.26,1
1900-01-01 08:34:04.600,117.26,1
1900-01-01 08:34:04.800,117.26,2
1900-01-01 08:34:04.900,117.26,1
1900-01-01 08:34:05.500,117.25,1
1900-01-01 08:34:05.900,117.24,3
1900-01-01 08:34:06.000,117.24,2
1900-01-01 08:34:06.100,117.25,11
1900-01-01 08:34:07.700,117.25,7
1900-01-01 08:34:08.700,117.25,12
1900-01-01 08:34:11.000,117.25,3
1900-01-01 08:34:12.300,117.24666666666667,12
1900-01-01 08:34:12.400,117.25,14
1900-01-01 08:34:13.400,117.25,7
1900-01-01 08:34:14.900,117.26,2
1900-01-01 08:34:15.000,117.26,2
1900-01-01 08:34:15.900,117.26,1
1900-01-01 08:34:17.400,117.26,2
1900-01-01 08:34:17.900,117.25,20
1900-01-01 08:34:18.500,117.25,1
1900-01-01 08:34:18.800,117.25,2
1900-01-01 08:34:19.200,117.25,5
1900-01-01 08:34:20.100,117.25,7
1900-01-01 08:34:21.400,117.26,2
1900-01-01 08:34:21.500,117.26,1
1900-01-01 08:34:22.800,117.26000000000002,10
1900-01-01 08:34:24.000,117.27,1
1900-01-01 08:34:24.300,117.25375,105
1900-01-01 08:34:24.700,117.26,5
1900-01-01 08:34:25.000,117.26,1
1900-01-01 08:34:26.200,117.26,2
1900-01-01 08:34:26.300,117.26,2
1900-01-01 08:34:26.500,117.26,5
1900-01-01 08:34:27.000,117.27,7
1900-01-01 08:34:27.100,117.27,1
1900-01-01 08:34:27.700,117.27,1
1900-01-01 08:34:28.800,117.28,5
1900-01-01 08:34:28.900,117.29,9
1900-01-01 08:34:31.600,117.28000000000002,9
1900-01-01 08:34:32.400,117.28,20
1900-01-01 08:34:32.500,117.28,2
1900-01-01 08:34:33.000,117.27,3
1900-01-01 08:34:34.700,117.28000000000002,4
1900-01-01 08:34:36.000,117.28,1
1900-01-01 08:34:38.500,117.27,9
1900-01-01 08:34:39.300,117.26,7
1900-01-01 08:34:40.400,117.25,4
1900-01-01 08:34:40.700,117.26,7
1900-01-01 08:34:41.700,117.26,3
1900-01-01 08:34:43.800,117.26,7
1900-01-01 08:34:44.200,117.27,7
1900-01-01 08:34:44.400,117.27,10
1900-01-01 08:34:46.200,117.27,9
1900-01-01 08:34:46.400,117.27,5
1900-01-01 08:34:47.500,117.28,53
1900-01-01 08:34:47.600,117.28,1
1900-01-01 08:34:48.200,117.28,1
1900-01-01 08:34:48.400,117.29,18
1900-01-01 08:34:48.500,117.29,4
1900-01-01 08:34:48.700,117.29,1
1900-01-01 08:34:49.700,117.29,1
1900-01-01 08:34:50.500,117.28,2
1900-01-01 08:34:50.600,117.28,1
1900-01-01 08:34:51.400,117.29,3
1900-01-01 08:34:52.500,117.28,13
1900-01-01 08:34:52.600,117.27,9
1900-01-01 08:34:52.700,117.27,3
1900-01-01 08:34:52.800,117.27,1
1900-01-01 08:34:53.400,117.27,10
1900-01-01 08:34:55.200,117.27,10
1900-01-01 08:34:55.600,117.26,1
1900-01-01 08:34:56.400,117.258,16
1900-01-01 08:34:57.200,117.25,2
1900-01-01 08:34:57.900,117.25,5
1900-01-01 08:34:58.000,117.25,4
1900-01-01 08:34:58.500,117.26,1
1900-01-01 08:34:58.900,117.26,3
1900-01-01 08:35:01.000,117.26,2
1900-01-01 08:35:01.300,117.25,6
1900-01-01 08:35:01.700,117.25,5
1900-01-01 08:35:02.600,117.24,16
1900-01-01 08:35:03.100,117.24,17
1900-01-01 08:35:03.200,117.24,2
1900-01-01 08:35:03.300,117.24,2
1900-01-01 08:35:04.100,117.24,5
1900-01-01 08:35:04.300,117.23,2
1900-01-01 08:35:04.900,117.21999999999998,3
1900-01-01 08:35:06.400,117.23,24
1900-01-01 08:35:06.500,117.23,6
1900-01-01 08:35:07.500,117.24,62
1900-01-01 08:35:07.600,117.25,3
1900-01-01 08:35:09.000,117.25,28
1900-01-01 08:35:09.400,117.25,14
1900-01-01 08:35:10.600,117.25,21
1900-01-01 08:35:13.100,117.25,25
1900-01-01 08:35:13.700,117.25,7
1900-01-01 08:35:13.800,117.25,1
1900-01-01 08:35:14.000,117.25,5
1900-01-01 08:35:14.300,117.25,4
1900-01-01 08:35:14.500,117.25,1
1900-01-01 08:35:14.900,117.24058823529411,41
1900-01-01 08:35:15.000,117.24,30
1900-01-01 08:35:15.100,117.23,1
1900-01-01 08:35:15.200,117.24,2
1900-01-01 08:35:16.100,117.24,4
1900-01-01 08:35:16.700,117.24,3
1900-01-01 08:35:17.300,117.25,10
1900-01-01 08:35:17.700,117.26,1
1900-01-01 08:35:17.800,117.26,8
1900-01-01 08:35:18.100,117.27,1
1900-01-01 08:35:19.000,117.27,14
1900-01-01 08:35:19.300,117.28,12
1900-01-01 08:35:19.400,117.28,2
1900-01-01 08:35:19.600,117.28000000000002,3
1900-01-01 08:35:19.800,117.28,4
1900-01-01 08:35:21.200,117.29,7
1900-01-01 08:35:24.000,117.29,23
1900-01-01 08:35:24.100,117.29,7
1900-01-01 08:35:24.200,117.29,13
1900-01-01 08:35:27.400,117.28000000000002,28
1900-01-01 08:35:31.600,117.28000000000002,7
1900-01-01 08:35:33.000,117.28,4
1900-01-01 08:35:34.500,117.27,33
1900-01-01 08:35:35.000,117.28,21
1900-01-01 08:35:37.000,117.27,34
1900-01-01 08:35:37.100,117.27,13
1900-01-01 08:35:37.200,117.27,3
1900-01-01 08:35:38.300,117.27,4
1900-01-01 08:35:42.700,117.27000000000001,6
1900-01-01 08:35:42.900,117.27,1
1900-01-01 08:35:43.000,117.27,4
1900-01-01 08:35:43.600,117.27,1
1900-01-01 08:35:46.600,117.28,11
1900-01-01 08:35:47.200,117.29,3
1900-01-01 08:35:49.600,117.29,1
1900-01-01 08:35:50.900,117.29,13
1900-01-01 08:35:52.600,117.29,1
1900-01-01 08:35:54.000,117.3,5
1900-01-01 08:35:55.500,117.29,15
1900-01-01 08:35:55.600,117.29,1
1900-01-01 08:35:56.100,117.28,16
1900-01-01 08:35:56.500,117.27,10
1900-01-01 08:35:56.600,117.27,7
1900-01-01 08:35:56.800,117.26,1
1900-01-01 08:35:58.000,117.26,1
1900-01-01 08:35:59.500,117.27,6
1900-01-01 08:36:01.000,117.27,6
1900-01-01 08:36:01.300,117.27,8
1900-01-01 08:36:01.600,117.26,1
1900-01-01 08:36:01.700,117.26,5
1900-01-01 08:36:03.000,117.26,6
1900-01-01 08:36:03.200,117.25,116
1900-01-01 08:36:03.300,117.25,26
1900-01-01 08:36:03.700,117.25,22
1900-01-01 08:36:03.900,117.24,5
1900-01-01 08:36:04.000,117.23,1
1900-01-01 08:36:06.000,117.23,39
1900-01-01 08:36:06.600,117.23,1
1900-01-01 08:36:08.200,117.24,35
1900-01-01 08:36:08.300,117.24,1
1900-01-01 08:36:08.400,117.24,1
1900-01-01 08:36:08.500,117.25,1
1900-01-01 08:36:09.100,117.25588235294119,67
1900-01-01 08:36:09.200,117.25909090909092,12
1900-01-01 08:36:10.300,117.26,3
1900-01-01 08:36:10.600,117.24909090909091,22
1900-01-01 08:36:10.700,117.24,18
1900-01-01 08:36:14.400,117.23999999999998,60
1900-01-01 08:36:14.500,117.24,2
1900-01-01 08:36:14.600,117.24,18
1900-01-01 08:36:14.700,117.23999999999998,58
1900-01-01 08:36:14.800,117.24,27
1900-01-01 08:36:16.900,117.25,14
1900-01-01 08:36:17.100,117.25,4
1900-01-01 08:36:20.100,117.25,4
1900-01-01 08:36:20.900,117.25,1
1900-01-01 08:36:24.100,117.25,6
1900-01-01 08:36:25.200,117.25,23
1900-01-01 08:36:25.300,117.25,3
1900-01-01 08:36:26.900,117.25,5
1900-01-01 08:36:29.400,117.25,1
1900-01-01 08:36:29.800,117.26,8
1900-01-01 08:36:31.700,117.25,27
1900-01-01 08:36:32.500,117.25,1
1900-01-01 08:36:33.000,117.26,18
1900-01-01 08:36:33.500,117.26,2
1900-01-01 08:36:34.900,117.26,1
1900-01-01 08:36:37.100,117.26,1
1900-01-01 08:36:38.100,117.26,1
1900-01-01 08:36:42.700,117.27000000000001,5
1900-01-01 08:36:43.100,117.27,4
1900-01-01 08:36:44.400,117.27,1
1900-01-01 08:36:44.500,117.27,2
1900-01-01 08:36:44.800,117.27,7
1900-01-01 08:36:44.900,117.27,8
1900-01-01 08:36:46.300,117.26,11
1900-01-01 08:36:46.600,117.26,6
1900-01-01 08:36:48.600,117.27,7
1900-01-01 08:36:48.700,117.27,1
1900-01-01 08:36:49.700,117.26,3
1900-01-01 08:36:51.200,117.26,3
1900-01-01 08:36:52.400,117.27,32
1900-01-01 08:36:53.800,117.26583333333333,71
1900-01-01 08:36:53.900,117.26000000000002,14
1900-01-01 08:36:55.000,117.26,3
1900-01-01 08:36:56.200,117.25,1
1900-01-01 08:36:58.200,117.27,3
1900-01-01 08:37:00.100,117.26,2
1900-01-01 08:37:00.500,117.26,9
1900-01-01 08:37:01.300,117.25,14
1900-01-01 08:37:01.800,117.25,13
1900-01-01 08:37:04.400,117.26000000000002,21
1900-01-01 08:37:04.500,117.26,4
1900-01-01 08:37:04.700,117.26,2
1900-01-01 08:37:09.300,117.25,6
1900-01-01 08:37:09.400,117.25,2
1900-01-01 08:37:09.800,117.25,2
1900-01-01 08:37:10.600,117.26,2
1900-01-01 08:37:12.900,117.26,2
1900-01-01 08:37:13.000,117.26,2
1900-01-01 08:37:13.100,117.26,4
1900-01-01 08:37:16.700,117.26,13
1900-01-01 08:37:16.800,117.27,17
1900-01-01 08:37:17.100,117.27000000000001,21
1900-01-01 08:37:18.000,117.27,13
1900-01-01 08:37:19.300,117.27,2
1900-01-01 08:37:20.100,117.27,3
1900-01-01 08:37:21.600,117.28,9
1900-01-01 08:37:23.200,117.29,3
1900-01-01 08:37:23.600,117.29,1
1900-01-01 08:37:24.500,117.29,5
1900-01-01 08:37:24.600,117.29857142857144,35
1900-01-01 08:37:24.700,117.29000000000002,18
1900-01-01 08:37:26.200,117.3,29
1900-01-01 08:37:26.300,117.3,5
1900-01-01 08:37:26.400,117.3,15
1900-01-01 08:37:26.500,117.3,23
1900-01-01 08:37:26.900,117.31,5
1900-01-01 08:37:28.000,117.31,1
1900-01-01 08:37:28.300,117.31,1
1900-01-01 08:37:28.400,117.31,3
1900-01-01 08:37:28.500,117.31,1
1900-01-01 08:37:29.500,117.31,1
1900-01-01 08:37:29.600,117.31,1
1900-01-01 08:37:29.900,117.31,2
1900-01-01 08:37:31.500,117.31,2
1900-01-01 08:37:32.200,117.31,2
1900-01-01 08:37:32.600,117.31,1
1900-01-01 08:37:32.700,117.31,1
1900-01-01 08:37:33.400,117.31,1
1900-01-01 08:37:34.600,117.31,15
1900-01-01 08:37:34.700,117.31,3
1900-01-01 08:37:35.100,117.31,2
1900-01-01 08:37:35.300,117.31,1
1900-01-01 08:37:36.600,117.31,3
1900-01-01 08:37:37.000,117.31,1
1900-01-01 08:37:37.700,117.31,5
1900-01-01 08:37:38.000,117.31,1
1900-01-01 08:37:39.100,117.31,2
1900-01-01 08:37:39.500,117.3,3
1900-01-01 08:37:40.400,117.31586206896552,77
1900-01-01 08:37:40.800,117.30999999999999,9
1900-01-01 08:37:41.300,117.31,1
1900-01-01 08:37:42.600,117.3,2
1900-01-01 08:37:43.800,117.29,8
1900-01-01 08:37:43.900,117.29,1
1900-01-01 08:37:44.500,117.28000000000002,6
1900-01-01 08:37:45.000,117.28,1
1900-01-01 08:37:46.100,117.29,10
1900-01-01 08:37:46.200,117.29,1
1900-01-01 08:37:46.600,117.29,1
1900-01-01 08:37:46.900,117.29,2
1900-01-01 08:37:49.800,117.28,1
1900-01-01 08:37:54.200,117.28000000000002,3
1900-01-01 08:37:55.900,117.28,5
1900-01-01 08:37:57.700,117.28,1
1900-01-01 08:38:00.000,117.29,39
1900-01-01 08:38:00.100,117.29,10
1900-01-01 08:38:00.400,117.29,4
1900-01-01 08:38:02.900,117.29,17
1900-01-01 08:38:03.300,117.29,6
1900-01-01 08:38:03.700,117.29,2
1900-01-01 08:38:04.000,117.29,1
1900-01-01 08:38:04.400,117.29,5
1900-01-01 08:38:04.800,117.29,1
1900-01-01 08:38:05.200,117.29,10
1900-01-01 08:38:08.700,117.29,14
1900-01-01 08:38:09.600,117.2988888888889,21
1900-01-01 08:38:10.700,117.28999999999999,76
1900-01-01 08:38:11.500,117.29,2
1900-01-01 08:38:11.900,117.29,5
1900-01-01 08:38:13.700,117.29,6
1900-01-01 08:38:18.100,117.28,11
1900-01-01 08:38:24.200,117.28,26
1900-01-01 08:38:24.300,117.28,13
1900-01-01 08:38:24.400,117.28,1
1900-01-01 08:38:25.800,117.28,12
1900-01-01 08:38:26.000,117.2892,97
1900-01-01 08:38:26.100,117.28,9
1900-01-01 08:38:27.100,117.28,4
1900-01-01 08:38:29.000,117.28,3
1900-01-01 08:38:29.900,117.28000000000002,47
1900-01-01 08:38:30.700,117.28,16
1900-01-01 08:38:30.800,117.28,15
1900-01-01 08:38:32.000,117.279,20
1900-01-01 08:38:32.100,117.28,1
1900-01-01 08:38:34.900,117.27,171
1900-01-01 08:38:35.300,117.27,2
1900-01-01 08:38:35.400,117.27,2
1900-01-01 08:38:35.700,117.27,2
1900-01-01 08:38:37.100,117.27,6
1900-01-01 08:38:38.700,117.27,6
1900-01-01 08:38:39.600,117.27,3
1900-01-01 08:38:40.100,117.26,1
1900-01-01 08:38:41.400,117.26,11
1900-01-01 08:38:43.900,117.25,6
1900-01-01 08:38:48.000,117.23999999999998,68
1900-01-01 08:38:49.400,117.25,19
1900-01-01 08:38:50.000,117.25,2
1900-01-01 08:38:50.500,117.26,6
1900-01-01 08:38:50.900,117.26,2
1900-01-01 08:38:51.400,117.26,2
1900-01-01 08:38:51.700,117.26,1
1900-01-01 08:38:52.200,117.26,2
1900-01-01 08:38:55.000,117.26,1
1900-01-01 08:38:55.100,117.26,2
1900-01-01 08:38:56.300,117.26,2
1900-01-01 08:38:57.400,117.25,1
1900-01-01 08:39:01.000,117.25,13
1900-01-01 08:39:01.200,117.25,8
1900-01-01 08:39:01.600,117.25,11
1900-01-01 08:39:02.000,117.24,40
1900-01-01 08:39:03.500,117.25,25
1900-01-01 08:39:03.800,117.25,3
1900-01-01 08:39:05.800,117.25,8
1900-01-01 08:39:05.900,117.25,1
1900-01-01 08:39:09.600,117.25,4
1900-01-01 08:39:13.000,117.25,1
1900-01-01 08:39:13.300,117.25,1
1900-01-01 08:39:20.300,117.25,21
1900-01-01 08:39:20.600,117.25,1
1900-01-01 08:39:22.400,117.24027027027026,122
1900-01-01 08:39:24.700,117.23,6
1900-01-01 08:39:27.300,117.22999999999999,6
1900-01-01 08:39:27.400,117.23,1
1900-01-01 08:39:27.500,117.23,3
1900-01-01 08:39:27.700,117.23,1
1900-01-01 08:39:31.300,117.22,21
1900-01-01 08:39:31.500,117.22,1
1900-01-01 08:39:32.200,117.23,19
1900-01-01 08:39:37.700,117.24,14
1900-01-01 08:39:38.100,117.24,2
1900-01-01 08:39:38.900,117.22999999999999,93
1900-01-01 08:39:39.000,117.23,3
1900-01-01 08:39:40.900,117.23,1
1900-01-01 08:39:41.300,117.24,10
1900-01-01 08:39:46.400,117.23,25
1900-01-01 08:39:47.300,117.23,25
1900-01-01 08:39:54.600,117.23,62
1900-01-01 08:39:56.000,117.23,5
1900-01-01 08:39:56.100,117.23999999999998,13
1900-01-01 08:39:57.000,117.24,28
1900-01-01 08:39:57.700,117.23,1
1900-01-01 08:40:01.100,117.24,10
1900-01-01 08:40:01.200,117.24,1
1900-01-01 08:40:01.500,117.24,1
1900-01-01 08:40:01.900,117.24,13
1900-01-01 08:40:03.500,117.23999999999998,17
1900-01-01 08:40:04.200,117.24,46
1900-01-01 08:40:04.300,117.23999999999998,10
1900-01-01 08:40:04.400,117.24142857142856,11
1900-01-01 08:40:04.500,117.23999999999998,11
1900-01-01 08:40:05.100,117.24,2
1900-01-01 08:40:07.100,117.23,56
1900-01-01 08:40:08.300,117.22999999999999,18
1900-01-01 08:40:10.300,117.23,3
1900-01-01 08:40:12.100,117.24,3
1900-01-01 08:40:12.600,117.24,4
1900-01-01 08:40:12.800,117.23333333333333,9
1900-01-01 08:40:15.200,117.23,64
1900-01-01 08:40:15.300,117.23,16
1900-01-01 08:40:15.400,117.23,11
1900-01-01 08:40:16.200,117.23,12
1900-01-01 08:40:16.300,117.23,9
1900-01-01 08:40:16.400,117.23,5
1900-01-01 08:40:16.500,117.23,13
1900-01-01 08:40:17.500,117.23,15
1900-01-01 08:40:18.100,117.23,11
1900-01-01 08:40:18.200,117.23,4
1900-01-01 08:40:20.300,117.24,16
1900-01-01 08:40:20.900,117.23,1
1900-01-01 08:40:22.500,117.23999999999998,44
1900-01-01 08:40:25.600,117.24,6
1900-01-01 08:40:34.000,117.24,4
1900-01-01 08:40:34.900,117.25,15
1900-01-01 08:40:35.000,117.25,1
1900-01-01 08:40:40.300,117.25,12
1900-01-01 08:40:40.600,117.25,14
1900-01-01 08:40:50.900,117.24,1
1900-01-01 08:40:51.500,117.24,21
1900-01-01 08:40:53.100,117.23,20
1900-01-01 08:40:53.300,117.23,1
1900-01-01 08:40:53.400,117.23,6
1900-01-01 08:40:53.500,117.21999999999998,10
1900-01-01 08:40:53.800,117.22,1
1900-01-01 08:40:57.600,117.23,2
1900-01-01 08:40:57.700,117.23,6
1900-01-01 08:41:00.300,117.24,13
1900-01-01 08:41:00.600,117.23,1
1900-01-01 08:41:01.100,117.24,8
1900-01-01 08:41:01.300,117.24,8
1900-01-01 08:41:03.200,117.24,3
1900-01-01 08:41:03.900,117.25,34
1900-01-01 08:41:04.100,117.26,1
1900-01-01 08:41:04.500,117.26,2
1900-01-01 08:41:04.600,117.26,1
1900-01-01 08:41:05.700,117.26,9
1900-01-01 08:41:06.000,117.24692307692308,126
1900-01-01 08:41:06.300,117.2609090909091,20
1900-01-01 08:41:09.300,117.27,1
1900-01-01 08:41:09.400,117.27,4
1900-01-01 08:41:10.100,117.27,3
1900-01-01 08:41:11.100,117.27,5
1900-01-01 08:41:12.300,117.27,1
1900-01-01 08:41:12.400,117.27,3
1900-01-01 08:41:14.000,117.27,2
1900-01-01 08:41:14.900,117.28,27
1900-01-01 08:41:15.000,117.28,1
1900-01-01 08:41:15.300,117.29,3
1900-01-01 08:41:16.600,117.29000000000002,29
1900-01-01 08:41:17.200,117.29,6
1900-01-01 08:41:17.800,117.29,2
1900-01-01 08:41:21.300,117.3,17
1900-01-01 08:41:21.500,117.3,4
1900-01-01 08:41:21.600,117.3,2
1900-01-01 08:41:22.100,117.3,18
1900-01-01 08:41:24.600,117.29,1
1900-01-01 08:41:25.600,117.3,1
1900-01-01 08:41:25.900,117.3,1
1900-01-01 08:41:26.000,117.3,5
1900-01-01 08:41:28.800,117.29,54
1900-01-01 08:41:34.700,117.28,1
1900-01-01 08:41:35.100,117.28,26
1900-01-01 08:41:35.800,117.28000000000002,12
1900-01-01 08:41:35.900,117.28,26
1900-01-01 08:41:38.000,117.28,14
1900-01-01 08:41:38.100,117.28,11
1900-01-01 08:41:39.000,117.28,10
1900-01-01 08:41:40.300,117.28,10
1900-01-01 08:41:40.700,117.28,5
1900-01-01 08:41:40.800,117.28,45
1900-01-01 08:41:40.900,117.28,13
1900-01-01 08:41:44.600,117.28,6
1900-01-01 08:41:48.800,117.28,44
1900-01-01 08:41:48.900,117.28,21
1900-01-01 08:41:49.000,117.28000000000002,19
1900-01-01 08:41:49.200,117.28,21
1900-01-01 08:41:49.300,117.28000000000002,30
1900-01-01 08:41:49.400,117.28,12
1900-01-01 08:41:52.500,117.29,10
1900-01-01 08:41:52.600,117.29,5
1900-01-01 08:41:56.000,117.29,93
1900-01-01 08:41:56.400,117.28,1
1900-01-01 08:41:58.700,117.28,14
1900-01-01 08:42:00.300,117.28,11
1900-01-01 08:42:01.100,117.28,19
1900-01-01 08:42:01.600,117.27,1
1900-01-01 08:42:04.000,117.27000000000001,8
1900-01-01 08:42:04.100,117.27,2
1900-01-01 08:42:05.600,117.26,1
1900-01-01 08:42:06.100,117.26,3
1900-01-01 08:42:07.100,117.26,16
1900-01-01 08:42:08.000,117.27000000000001,8
1900-01-01 08:42:09.200,117.28,14
1900-01-01 08:42:09.300,117.28,5
1900-01-01 08:42:10.400,117.28000000000002,6
1900-01-01 08:42:10.500,117.28000000000002,5
1900-01-01 08:42:11.700,117.28,9
1900-01-01 08:42:12.800,117.27,1
1900-01-01 08:42:16.100,117.27,15
1900-01-01 08:42:16.500,117.27,17
1900-01-01 08:42:17.500,117.27000000000001,58
1900-01-01 08:42:17.600,117.27,31
1900-01-01 08:42:17.800,117.27,11
1900-01-01 08:42:18.000,117.27000000000001,17
1900-01-01 08:42:18.100,117.27,9
1900-01-01 08:42:18.200,117.27,9
1900-01-01 08:42:18.700,117.27,16
1900-01-01 08:42:19.200,117.27,30
1900-01-01 08:42:20.600,117.27,16
1900-01-01 08:42:20.800,117.27,1
1900-01-01 08:42:21.400,117.27000000000001,9
1900-01-01 08:42:24.400,117.27,2
1900-01-01 08:42:24.600,117.27,3
1900-01-01 08:42:27.300,117.27000000000001,16
1900-01-01 08:42:31.000,117.26,41
1900-01-01 08:42:31.900,117.26,10
1900-01-01 08:42:35.400,117.26375,100
1900-01-01 08:42:35.500,117.26,65
1900-01-01 08:42:35.600,117.26,53
1900-01-01 08:42:35.700,117.26,12
1900-01-01 08:42:35.900,117.26,9
1900-01-01 08:42:36.100,117.26,1
1900-01-01 08:42:36.600,117.27,16
1900-01-01 08:42:38.100,117.27000000000001,6
1900-01-01 08:42:39.900,117.26,1
1900-01-01 08:42:40.300,117.27,10
1900-01-01 08:42:41.300,117.27,7
1900-01-01 08:42:43.800,117.27,1
1900-01-01 08:42:44.400,117.27000000000001,8
1900-01-01 08:42:44.800,117.27,1
1900-01-01 08:42:45.000,117.27,1
1900-01-01 08:42:47.900,117.28000000000002,7
1900-01-01 08:42:48.000,117.27083333333333,41
1900-01-01 08:42:48.100,117.27000000000001,13
1900-01-01 08:42:48.400,117.27,21
1900-01-01 08:42:48.700,117.27,11
1900-01-01 08:42:49.000,117.27,14
1900-01-01 08:42:50.300,117.26,1
1900-01-01 08:42:50.600,117.26,31
1900-01-01 08:42:50.800,117.26,15
1900-01-01 08:42:50.900,117.26,1
1900-01-01 08:42:52.000,117.26,2
1900-01-01 08:42:52.100,117.26,4
1900-01-01 08:42:53.500,117.26,1
1900-01-01 08:42:53.700,117.26,1
1900-01-01 08:42:55.400,117.26000000000002,13
1900-01-01 08:42:56.600,117.26,1
1900-01-01 08:42:56.700,117.26,1
1900-01-01 08:42:56.900,117.26000000000002,6
1900-01-01 08:42:57.000,117.26,2
1900-01-01 08:42:58.900,117.26,4
1900-01-01 08:43:00.300,117.26,5
1900-01-01 08:43:01.200,117.25,1
1900-01-01 08:43:02.300,117.25,6
1900-01-01 08:43:02.900,117.25,9
1900-01-01 08:43:03.300,117.25,15
1900-01-01 08:43:05.100,117.25,5
1900-01-01 08:43:07.700,117.26,11
1900-01-01 08:43:08.000,117.26,1
1900-01-01 08:43:08.200,117.26,4
1900-01-01 08:43:08.900,117.26,1
1900-01-01 08:43:09.200,117.26,1
1900-01-01 08:43:11.400,117.27,9
1900-01-01 08:43:11.500,117.27,1
1900-01-01 08:43:13.100,117.27,1
1900-01-01 08:43:13.400,117.27000000000001,8
1900-01-01 08:43:15.900,117.27,5
1900-01-01 08:43:16.000,117.27,5
1900-01-01 08:43:16.100,117.27,4
1900-01-01 08:43:17.300,117.27,3
1900-01-01 08:43:18.900,117.27,5
1900-01-01 08:43:19.100,117.27,11
1900-01-01 08:43:19.400,117.27,10
1900-01-01 08:43:20.200,117.27,10
1900-01-01 08:43:20.300,117.27,2
1900-01-01 08:43:23.300,117.26,66
1900-01-01 08:43:23.700,117.26,9
1900-01-01 08:43:24.600,117.26000000000002,16
1900-01-01 08:43:25.000,117.26,9
1900-01-01 08:43:25.800,117.26,8
1900-01-01 08:43:26.200,117.26,27
1900-01-01 08:43:26.400,117.26000000000002,18
1900-01-01 08:43:27.500,117.26,10
1900-01-01 08:43:27.600,117.26,6
1900-01-01 08:43:27.700,117.26,15
1900-01-01 08:43:28.100,117.26000000000002,21
1900-01-01 08:43:30.000,117.26,23
1900-01-01 08:43:40.000,117.25,1
1900-01-01 08:43:40.300,117.26000000000002,23
1900-01-01 08:43:40.400,117.26,8
1900-01-01 08:43:41.800,117.26,19
1900-01-01 08:43:42.300,117.25,62
1900-01-01 08:43:42.400,117.25,1
1900-01-01 08:43:43.700,117.25,2
1900-01-01 08:43:46.500,117.25,1
1900-01-01 08:43:47.700,117.24,3
1900-01-01 08:43:48.000,117.24,17
1900-01-01 08:43:48.200,117.24,1
1900-01-01 08:43:53.800,117.24,28
1900-01-01 08:43:55.300,117.24,1
1900-01-01 08:43:55.500,117.24,1
1900-01-01 08:43:55.600,117.23999999999998,10
1900-01-01 08:43:56.000,117.24,17
1900-01-01 08:43:56.200,117.24,12
1900-01-01 08:43:57.900,117.23,1
1900-01-01 08:44:00.300,117.24,13
1900-01-01 08:44:02.400,117.23,83
1900-01-01 08:44:02.600,117.23,1
1900-01-01 08:44:03.000,117.22,98
1900-01-01 08:44:06.100,117.22999999999999,9
1900-01-01 08:44:08.400,117.24,4
1900-01-01 08:44:09.900,117.23,8
1900-01-01 08:44:17.400,117.23,1
1900-01-01 08:44:19.700,117.24,17
1900-01-01 08:44:19.800,117.24,8
1900-01-01 08:44:20.300,117.23999999999998,16
1900-01-01 08:44:20.700,117.24,11
1900-01-01 08:44:24.100,117.24,13
1900-01-01 08:44:24.300,117.24,12
1900-01-01 08:44:24.400,117.24,1
1900-01-01 08:44:24.800,117.24,1
1900-01-01 08:44:25.400,117.23,1
1900-01-01 08:44:25.700,117.24,16
1900-01-01 08:44:25.900,117.24,22
1900-01-01 08:44:26.800,117.23999999999998,13
1900-01-01 08:44:27.200,117.25,37
1900-01-01 08:44:27.800,117.26,8
1900-01-01 08:44:28.300,117.26,1
1900-01-01 08:44:28.400,117.26,1
1900-01-01 08:44:28.900,117.26,2
1900-01-01 08:44:29.800,117.27,5
1900-01-01 08:44:33.600,117.27,5
1900-01-01 08:44:33.700,117.27,1
1900-01-01 08:44:33.900,117.27,1
1900-01-01 08:44:35.600,117.27,1
1900-01-01 08:44:36.300,117.27000000000001,13
1900-01-01 08:44:36.400,117.27,1
1900-01-01 08:44:37.400,117.27,16
1900-01-01 08:44:38.800,117.27,17
1900-01-01 08:44:41.800,117.27,83
1900-01-01 08:44:41.900,117.26,1
1900-01-01 08:44:43.900,117.27,5
1900-01-01 08:44:49.200,117.27,11
1900-01-01 08:44:51.200,117.28000000000002,4
1900-01-01 08:44:51.400,117.28,1
1900-01-01 08:44:51.700,117.28,1
1900-01-01 08:44:52.100,117.28,2
1900-01-01 08:44:52.600,117.29,37
1900-01-01 08:44:52.800,117.29,1
1900-01-01 08:44:53.200,117.29,3
1900-01-01 08:44:53.600,117.29,1
1900-01-01 08:44:54.200,117.29,1
1900-01-01 08:44:56.800,117.28,62
1900-01-01 08:44:57.900,117.27,1
1900-01-01 08:44:58.800,117.28,15
1900-01-01 08:44:59.100,117.28,9
1900-01-01 08:45:00.400,117.27,8
1900-01-01 08:45:01.900,117.28000000000002,31
1900-01-01 08:45:02.000,117.28,2
1900-01-01 08:45:02.200,117.28,2
1900-01-01 08:45:05.500,117.28,2
1900-01-01 08:45:09.400,117.28,5
1900-01-01 08:45:09.500,117.28,1
1900-01-01 08:45:19.800,117.28,10
1900-01-01 08:45:21.500,117.28,1
1900-01-01 08:45:23.600,117.28,7
1900-01-01 08:45:25.300,117.28,10
1900-01-01 08:45:25.500,117.28,1
1900-01-01 08:45:25.800,117.28,7
1900-01-01 08:45:27.400,117.27,16
1900-01-01 08:45:29.600,117.26,1
1900-01-01 08:45:30.000,117.26,6
1900-01-01 08:45:30.700,117.26000000000002,9
1900-01-01 08:45:33.800,117.26000000000002,14
1900-01-01 08:45:33.900,117.26,1
1900-01-01 08:45:35.200,117.26,1
1900-01-01 08:45:35.300,117.27000000000001,21
1900-01-01 08:45:36.200,117.28,1
1900-01-01 08:45:36.700,117.28000000000002,7
1900-01-01 08:45:37.800,117.27,1
1900-01-01 08:45:43.400,117.27,1
1900-01-01 08:45:46.600,117.27,6
1900-01-01 08:45:47.100,117.27,1
1900-01-01 08:45:47.600,117.27,1
1900-01-01 08:45:50.200,117.26000000000002,59
1900-01-01 08:45:50.500,117.26,60
1900-01-01 08:45:50.600,117.26,8
1900-01-01 08:45:53.300,117.26,33
1900-01-01 08:45:53.400,117.26,12
1900-01-01 08:45:54.200,117.26,3
1900-01-01 08:45:56.700,117.26,1
1900-01-01 08:45:59.500,117.26,1
1900-01-01 08:46:01.400,117.26,10
1900-01-01 08:46:05.100,117.255,2
1900-01-01 08:46:05.300,117.26,1
1900-01-01 08:46:05.500,117.26,1
1900-01-01 08:46:11.100,117.26,13
1900-01-01 08:46:14.000,117.25,1
1900-01-01 08:46:16.800,117.25,95
1900-01-01 08:46:16.900,117.25,5
1900-01-01 08:46:17.000,117.25,5
1900-01-01 08:46:18.400,117.26,6
1900-01-01 08:46:18.900,117.26,7
1900-01-01 08:46:23.500,117.27000000000001,6
1900-01-01 08:46:26.000,117.27,12
1900-01-01 08:46:29.500,117.265,17
1900-01-01 08:46:29.800,117.27,1
1900-01-01 08:46:30.700,117.27,1
1900-01-01 08:46:32.300,117.27000000000001,7
1900-01-01 08:46:32.500,117.27,1
1900-01-01 08:46:36.200,117.27,7
1900-01-01 08:46:37.200,117.27,1
1900-01-01 08:46:40.500,117.27,7
1900-01-01 08:46:44.800,117.27,4
1900-01-01 08:46:46.900,117.27,3
1900-01-01 08:46:49.900,117.27,4
1900-01-01 08:46:53.100,117.27,4
1900-01-01 08:46:55.100,117.27,14
1900-01-01 08:46:55.400,117.27,11
1900-01-01 08:46:58.000,117.26,1
1900-01-01 08:47:02.600,117.27000000000001,16
1900-01-01 08:47:04.600,117.27,1
1900-01-01 08:47:05.900,117.26,1
1900-01-01 08:47:06.800,117.26000000000002,17
1900-01-01 08:47:12.700,117.26,7
1900-01-01 08:47:20.600,117.26,7
1900-01-01 08:47:20.700,117.26,1
1900-01-01 08:47:22.200,117.27,1
1900-01-01 08:47:25.400,117.27000000000001,21
1900-01-01 08:47:25.500,117.27,34
1900-01-01 08:47:25.600,117.27,2
1900-01-01 08:47:30.300,117.27,26
1900-01-01 08:47:33.100,117.27,25
1900-01-01 08:47:33.200,117.27,1
1900-01-01 08:47:37.600,117.27,4
1900-01-01 08:47:41.400,117.27000000000001,28
1900-01-01 08:47:43.000,117.27,1
1900-01-01 08:47:47.100,117.27,3
1900-01-01 08:47:48.000,117.27,29
1900-01-01 08:47:50.700,117.27,14
1900-01-01 08:47:50.800,117.27,16
1900-01-01 08:47:56.300,117.26,1
1900-01-01 08:47:56.400,117.27,3
1900-01-01 08:48:00.500,117.26,31
1900-01-01 08:48:00.600,117.26,2
1900-01-01 08:48:00.800,117.26,1
1900-01-01 08:48:06.600,117.25,27
1900-01-01 08:48:06.700,117.25,2
1900-01-01 08:48:08.200,117.25,2
1900-01-01 08:48:08.600,117.25,7
1900-01-01 08:48:10.400,117.25,57
1900-01-01 08:48:12.700,117.24,2
1900-01-01 08:48:13.200,117.25,15
1900-01-01 08:48:13.300,117.25,22
1900-01-01 08:48:13.500,117.25,33
1900-01-01 08:48:16.700,117.26,6
1900-01-01 08:48:23.600,117.26,13
1900-01-01 08:48:23.700,117.26,1
1900-01-01 08:48:23.800,117.26,1
1900-01-01 08:48:24.200,117.26,1
1900-01-01 08:48:24.300,117.26,4
1900-01-01 08:48:24.400,117.26000000000002,9
1900-01-01 08:48:24.700,117.26,28
1900-01-01 08:48:24.800,117.25,26
1900-01-01 08:48:24.900,117.25,3
1900-01-01 08:48:25.200,117.25,8
1900-01-01 08:48:25.400,117.25,5
1900-01-01 08:48:25.800,117.25,1
1900-01-01 08:48:27.600,117.23999999999998,72
1900-01-01 08:48:27.700,117.24,1
1900-01-01 08:48:28.100,117.24,1
1900-01-01 08:48:28.700,117.24,1
1900-01-01 08:48:32.300,117.24,2
1900-01-01 08:48:35.200,117.22909090909091,34
1900-01-01 08:48:35.400,117.23,1
1900-01-01 08:48:38.100,117.23,6
1900-01-01 08:48:38.600,117.23,1
1900-01-01 08:48:40.300,117.22999999999999,7
1900-01-01 08:48:41.500,117.23999999999998,25
1900-01-01 08:48:41.900,117.24,11
1900-01-01 08:48:42.800,117.24,32
1900-01-01 08:48:48.000,117.23,1
1900-01-01 08:48:49.400,117.24,3
1900-01-01 08:48:50.000,117.24,40
1900-01-01 08:48:50.100,117.24,9
1900-01-01 08:48:53.400,117.25,25
1900-01-01 08:48:53.600,117.25,3
1900-01-01 08:48:54.000,117.25,1
1900-01-01 08:48:56.300,117.25,24
1900-01-01 08:48:56.400,117.24875,19
1900-01-01 08:48:58.500,117.25,2
1900-01-01 08:49:00.300,117.26,3
1900-01-01 08:49:01.300,117.25,11
1900-01-01 08:49:01.500,117.25,3
1900-01-01 08:49:01.700,117.25,1
1900-01-01 08:49:02.000,117.25,4
1900-01-01 08:49:02.400,117.25,10
1900-01-01 08:49:02.500,117.25,9
1900-01-01 08:49:04.800,117.25,11
1900-01-01 08:49:04.900,117.25,9
1900-01-01 08:49:07.000,117.25,2
1900-01-01 08:49:08.800,117.25,15
1900-01-01 08:49:10.700,117.25,21
1900-01-01 08:49:11.200,117.25,2
1900-01-01 08:49:12.900,117.26,8
1900-01-01 08:49:14.100,117.25,37
1900-01-01 08:49:15.700,117.25,6
1900-01-01 08:49:16.300,117.23999999999998,41
1900-01-01 08:49:17.900,117.24,2
1900-01-01 08:49:20.300,117.25,3
1900-01-01 08:49:23.700,117.26,6
1900-01-01 08:49:23.800,117.26,3
1900-01-01 08:49:35.100,117.26,72
1900-01-01 08:49:35.400,117.25,1
1900-01-01 08:49:39.600,117.26,25
1900-01-01 08:49:40.100,117.26,25
1900-01-01 08:49:42.300,117.26,10
1900-01-01 08:49:43.200,117.26,1
1900-01-01 08:49:45.000,117.26,1
1900-01-01 08:49:48.200,117.27000000000001,18
1900-01-01 08:49:48.300,117.27,6
1900-01-01 08:49:48.500,117.27,1
1900-01-01 08:49:51.900,117.26,24
1900-01-01 08:49:52.500,117.26,1
1900-01-01 08:49:56.000,117.2625,5
1900-01-01 08:49:56.100,117.26,1
1900-01-01 08:49:56.400,117.25,1
1900-01-01 08:49:56.700,117.26,1
1900-01-01 08:50:00.300,117.26,3
1900-01-01 08:50:00.400,117.26,1
1900-01-01 08:50:02.400,117.25571428571428,14
1900-01-01 08:50:02.600,117.24,7
1900-01-01 08:50:02.700,117.24,1
1900-01-01 08:50:07.100,117.23,2
1900-01-01 08:50:07.200,117.23,1
1900-01-01 08:50:07.700,117.22999999999999,9
1900-01-01 08:50:07.900,117.23,1
1900-01-01 08:50:11.500,117.22999999999999,9
1900-01-01 08:50:11.700,117.22,29
1900-01-01 08:50:11.800,117.22,3
1900-01-01 08:50:12.400,117.22,50
1900-01-01 08:50:12.600,117.22,1
1900-01-01 08:50:12.800,117.21,5
1900-01-01 08:50:13.400,117.21,9
1900-01-01 08:50:13.500,117.205,2
1900-01-01 08:50:15.600,117.2,2
1900-01-01 08:50:15.700,117.2,1
1900-01-01 08:50:18.200,117.21,19
1900-01-01 08:50:18.500,117.21,3
1900-01-01 08:50:19.900,117.2,2
1900-01-01 08:50:24.600,117.21,5
1900-01-01 08:50:24.700,117.21,4
1900-01-01 08:50:30.400,117.21,3
1900-01-01 08:50:30.500,117.21,1
1900-01-01 08:50:31.100,117.21,21
1900-01-01 08:50:31.400,117.21,7
1900-01-01 08:50:31.700,117.21000000000001,30
1900-01-01 08:50:32.100,117.21,2
1900-01-01 08:50:37.200,117.21,37
1900-01-01 08:50:40.100,117.2,9
1900-01-01 08:50:40.500,117.2,8
1900-01-01 08:50:43.700,117.19,11
1900-01-01 08:50:44.800,117.19000000000001,9
1900-01-01 08:50:46.400,117.19842105263157,30
1900-01-01 08:50:46.500,117.2,5
1900-01-01 08:50:51.200,117.2,4
1900-01-01 08:50:52.900,117.2,9
1900-01-01 08:50:54.800,117.21,8
1900-01-01 08:50:55.000,117.21,8
1900-01-01 08:50:55.200,117.21,1
1900-01-01 08:50:55.800,117.21,3
1900-01-01 08:50:58.000,117.21,1
1900-01-01 08:50:59.900,117.21,6
1900-01-01 08:51:00.200,117.21,2
1900-01-01 08:51:02.000,117.2,1
1900-01-01 08:51:06.700,117.21,22
1900-01-01 08:51:06.800,117.21,2
1900-01-01 08:51:06.900,117.21,1
1900-01-01 08:51:07.300,117.21,6
1900-01-01 08:51:09.500,117.21,1
1900-01-01 08:51:09.600,117.2175,8
1900-01-01 08:51:09.700,117.22,1
1900-01-01 08:51:10.800,117.22500000000001,44
1900-01-01 08:51:11.300,117.23,23
1900-01-01 08:51:17.000,117.22,5
1900-01-01 08:51:20.400,117.23,1
1900-01-01 08:51:22.000,117.22,1
1900-01-01 08:51:24.600,117.22,17
1900-01-01 08:51:24.700,117.22,1
1900-01-01 08:51:33.000,117.21,14
1900-01-01 08:51:34.100,117.21,13
1900-01-01 08:51:35.200,117.21,1
1900-01-01 08:51:35.300,117.21,1
1900-01-01 08:51:35.400,117.21,1
1900-01-01 08:51:35.500,117.21,11
1900-01-01 08:51:36.100,117.2,49
1900-01-01 08:51:36.300,117.2,2
1900-01-01 08:51:47.200,117.21,15
1900-01-01 08:51:47.300,117.21,2
1900-01-01 08:51:48.600,117.21,10
1900-01-01 08:51:49.200,117.21,2
1900-01-01 08:51:49.500,117.2,53
1900-01-01 08:51:49.600,117.2,37
1900-01-01 08:51:49.800,117.2,4
1900-01-01 08:51:53.900,117.19,14
1900-01-01 08:51:54.000,117.19,2
1900-01-01 08:51:54.200,117.19,4
1900-01-01 08:51:54.300,117.19,18
1900-01-01 08:51:56.400,117.19,1
1900-01-01 08:51:58.300,117.18999999999998,9
1900-01-01 08:52:00.000,117.2,11
1900-01-01 08:52:00.600,117.21,4
1900-01-01 08:52:00.900,117.21,1
1900-01-01 08:52:01.800,117.21,11
1900-01-01 08:52:06.900,117.2,4
1900-01-01 08:52:09.000,117.2,10
1900-01-01 08:52:09.300,117.2,2
1900-01-01 08:52:11.500,117.21,11
1900-01-01 08:52:11.700,117.21,1
1900-01-01 08:52:12.400,117.22,15
1900-01-01 08:52:13.100,117.22,3
1900-01-01 08:52:17.500,117.21,9
1900-01-01 08:52:17.600,117.21,4
1900-01-01 08:52:17.800,117.21,3
1900-01-01 08:52:22.500,117.22,7
1900-01-01 08:52:22.800,117.22,1
1900-01-01 08:52:27.700,117.23,13
1900-01-01 08:52:28.000,117.24,1
1900-01-01 08:52:28.500,117.24,7
1900-01-01 08:52:31.000,117.25,9
1900-01-01 08:52:33.500,117.23999999999998,29
1900-01-01 08:52:37.100,117.23,4
1900-01-01 08:52:37.300,117.23,1
1900-01-01 08:52:37.400,117.23,2
1900-01-01 08:52:39.300,117.23,5
1900-01-01 08:52:42.400,117.23,1
1900-01-01 08:52:43.000,117.23,5
1900-01-01 08:52:43.400,117.23,2
1900-01-01 08:52:49.400,117.23,15
1900-01-01 08:52:49.600,117.23,5
1900-01-01 08:52:52.000,117.23,2
1900-01-01 08:52:55.300,117.24,25
1900-01-01 08:52:55.400,117.24,1
1900-01-01 08:52:56.700,117.23999999999998,21
1900-01-01 08:52:57.300,117.23,1
1900-01-01 08:52:57.700,117.24684210526316,43
1900-01-01 08:52:57.800,117.24466666666667,33
1900-01-01 08:52:58.100,117.25,1
1900-01-01 08:52:58.600,117.25,2
1900-01-01 08:52:58.700,117.25,2
1900-01-01 08:52:58.900,117.25,7
1900-01-01 08:52:59.600,117.25,1
1900-01-01 08:53:02.100,117.25,5
1900-01-01 08:53:04.600,117.25,26
1900-01-01 08:53:04.700,117.25,4
1900-01-01 08:53:04.900,117.24,71
1900-01-01 08:53:05.000,117.24,12
1900-01-01 08:53:07.300,117.24,27
1900-01-01 08:53:08.600,117.24,4
1900-01-01 08:53:10.900,117.24,2
1900-01-01 08:53:12.400,117.24,1
1900-01-01 08:53:13.800,117.25,7
1900-01-01 08:53:20.400,117.26,4
1900-01-01 08:53:26.900,117.27,23
1900-01-01 08:53:27.000,117.27,4
1900-01-01 08:53:27.100,117.27000000000001,22
1900-01-01 08:53:27.200,117.27,1
1900-01-01 08:53:28.000,117.26,81
1900-01-01 08:53:28.100,117.26,17
1900-01-01 08:53:30.700,117.26,9
1900-01-01 08:53:30.800,117.26,1
1900-01-01 08:53:31.900,117.26,8
1900-01-01 08:53:32.800,117.26,1
1900-01-01 08:53:33.300,117.26,5
1900-01-01 08:53:35.600,117.26,1
1900-01-01 08:53:36.500,117.26,3
1900-01-01 08:53:43.700,117.26,6
1900-01-01 08:53:46.100,117.26,9
1900-01-01 08:53:46.200,117.26000000000002,21
1900-01-01 08:53:46.400,117.26,12
1900-01-01 08:53:49.100,117.25,1
1900-01-01 08:53:49.300,117.25,4
1900-01-01 08:53:51.200,117.26,6
1900-01-01 08:53:51.300,117.26,6
1900-01-01 08:53:51.700,117.26,2
1900-01-01 08:53:52.100,117.26,3
1900-01-01 08:53:52.200,117.26,1
1900-01-01 08:53:54.000,117.25346153846155,93
1900-01-01 08:53:55.600,117.26,9
1900-01-01 08:53:55.700,117.26,3
1900-01-01 08:53:56.000,117.25,1
1900-01-01 08:53:57.200,117.25,1
1900-01-01 08:53:59.800,117.26,4
1900-01-01 08:54:00.100,117.26,5
1900-01-01 08:54:00.200,117.26,2
1900-01-01 08:54:00.300,117.26000000000002,12
1900-01-01 08:54:01.000,117.26,2
1900-01-01 08:54:02.200,117.26,7
1900-01-01 08:54:04.900,117.25,4
1900-01-01 08:54:08.300,117.24,16
1900-01-01 08:54:12.200,117.23,2
1900-01-01 08:54:14.900,117.24,20
1900-01-01 08:54:16.700,117.24,15
1900-01-01 08:54:18.000,117.24,3
1900-01-01 08:54:23.600,117.23999999999998,21
1900-01-01 08:54:23.700,117.24,1
1900-01-01 08:54:25.000,117.25698113207547,159
1900-01-01 08:54:25.100,117.25,5
1900-01-01 08:54:26.100,117.25,15
1900-01-01 08:54:27.000,117.26,5
1900-01-01 08:54:28.000,117.26,5
1900-01-01 08:54:30.500,117.25,12
1900-01-01 08:54:36.900,117.25,5
1900-01-01 08:54:37.000,117.25,1
1900-01-01 08:54:39.400,117.26,4
1900-01-01 08:54:49.400,117.26,38
1900-01-01 08:54:49.500,117.26,2
1900-01-01 08:54:50.500,117.26,15
1900-01-01 08:54:55.000,117.26,10
1900-01-01 08:54:55.100,117.26,20
1900-01-01 08:54:55.500,117.26,1
1900-01-01 08:54:56.000,117.26,7
1900-01-01 08:54:56.900,117.26,6
1900-01-01 08:54:57.100,117.26,1
1900-01-01 08:54:59.200,117.27,17
1900-01-01 08:55:01.300,117.26,2
1900-01-01 08:55:03.400,117.26000000000002,24
1900-01-01 08:55:03.600,117.26,20
1900-01-01 08:55:03.900,117.26,1
1900-01-01 08:55:09.100,117.25333333333333,27
1900-01-01 08:55:10.100,117.25,2
1900-01-01 08:55:13.200,117.25,3
1900-01-01 08:55:14.100,117.26,8
1900-01-01 08:55:20.600,117.26,16
1900-01-01 08:55:24.100,117.26000000000002,23
1900-01-01 08:55:24.200,117.26,3
1900-01-01 08:55:24.300,117.26,16
1900-01-01 08:55:24.600,117.26,1
1900-01-01 08:55:29.200,117.25,10
1900-01-01 08:55:33.000,117.25,2
1900-01-01 08:55:33.100,117.25,1
1900-01-01 08:55:35.200,117.25,41
1900-01-01 08:55:36.400,117.23999999999998,15
1900-01-01 08:55:37.100,117.24,1
1900-01-01 08:55:45.300,117.24,53
1900-01-01 08:55:45.400,117.23999999999998,30
1900-01-01 08:55:45.500,117.24,10
1900-01-01 08:55:45.600,117.24,4
1900-01-01 08:55:45.700,117.23,1
1900-01-01 08:55:47.500,117.24,4
1900-01-01 08:55:48.500,117.23999999999998,9
1900-01-01 08:55:54.400,117.24,53
1900-01-01 08:55:54.500,117.24,2
1900-01-01 08:55:56.300,117.25,13
1900-01-01 08:55:56.700,117.25,1
1900-01-01 08:55:57.000,117.26,43
1900-01-01 08:55:57.100,117.26,16
1900-01-01 08:55:57.300,117.26,2
1900-01-01 08:55:59.900,117.25,11
1900-01-01 08:56:00.600,117.25,20
1900-01-01 08:56:00.700,117.25,6
1900-01-01 08:56:00.800,117.25,4
1900-01-01 08:56:03.500,117.25,67
1900-01-01 08:56:07.100,117.24,1
1900-01-01 08:56:08.100,117.25,68
1900-01-01 08:56:08.200,117.25,1
1900-01-01 08:56:10.100,117.25,15
1900-01-01 08:56:10.200,117.25,6
1900-01-01 08:56:14.700,117.25,83
1900-01-01 08:56:14.900,117.25,2
1900-01-01 08:56:17.500,117.23999999999998,25
1900-01-01 08:56:22.800,117.22999999999999,6
1900-01-01 08:56:28.600,117.21999999999998,12
1900-01-01 08:56:29.500,117.21999999999998,9
1900-01-01 08:56:29.600,117.22,6
1900-01-01 08:56:30.000,117.22,1
1900-01-01 08:56:33.000,117.22,1
1900-01-01 08:56:37.000,117.23,1
1900-01-01 08:56:44.400,117.22,1
1900-01-01 08:56:47.000,117.23,1
1900-01-01 08:56:47.600,117.22,38
1900-01-01 08:56:54.900,117.21,1
1900-01-01 08:56:57.000,117.22,1
1900-01-01 08:56:57.400,117.21,1
1900-01-01 08:57:01.800,117.21999999999998,70
1900-01-01 08:57:01.900,117.23,2
1900-01-01 08:57:03.800,117.22,8
1900-01-01 08:57:03.900,117.22,2
1900-01-01 08:57:04.100,117.22,1
1900-01-01 08:57:07.900,117.21,2
1900-01-01 08:57:09.200,117.22,5
1900-01-01 08:57:12.600,117.21999999999998,11
1900-01-01 08:57:13.400,117.22,1
1900-01-01 08:57:14.000,117.22,1
1900-01-01 08:57:19.600,117.22,31
1900-01-01 08:57:19.800,117.22,14
1900-01-01 08:57:20.000,117.22,1
1900-01-01 08:57:20.200,117.21999999999998,19
1900-01-01 08:57:25.600,117.21,4
1900-01-01 08:57:25.700,117.21,20
1900-01-01 08:57:27.600,117.21,2
1900-01-01 08:57:37.000,117.22,1
1900-01-01 08:57:42.300,117.21,1
1900-01-01 08:57:42.400,117.22,1
1900-01-01 08:57:47.000,117.22,1
1900-01-01 08:57:47.500,117.22,53
1900-01-01 08:57:47.600,117.22,2
1900-01-01 08:57:51.300,117.22,68
1900-01-01 08:57:57.200,117.21,1
1900-01-01 08:57:57.900,117.21000000000001,40
1900-01-01 08:57:58.000,117.21333333333332,4
1900-01-01 08:58:00.600,117.22,27
1900-01-01 08:58:00.800,117.22,1
1900-01-01 08:58:05.000,117.22,45
1900-01-01 08:58:05.200,117.22,17
1900-01-01 08:58:05.300,117.22,18
1900-01-01 08:58:05.400,117.22,11
1900-01-01 08:58:08.000,117.22,1
1900-01-01 08:58:08.100,117.22,2
1900-01-01 08:58:09.400,117.22,9
1900-01-01 08:58:17.000,117.22,1
1900-01-01 08:58:20.400,117.22,10
1900-01-01 08:58:23.900,117.22,12
1900-01-01 08:58:24.000,117.22,1
1900-01-01 08:58:24.500,117.21999999999998,10
1900-01-01 08:58:24.600,117.22,1
1900-01-01 08:58:24.900,117.22,14
1900-01-01 08:58:28.400,117.21999999999998,16
1900-01-01 08:58:28.500,117.22,1
1900-01-01 08:58:35.600,117.22000000000001,20
1900-01-01 08:58:35.700,117.22,48
1900-01-01 08:58:35.800,117.22,24
1900-01-01 08:58:35.900,117.22,1
1900-01-01 08:58:37.000,117.22,1
1900-01-01 08:58:38.200,117.21999999999998,9
1900-01-01 08:58:39.000,117.22,2
1900-01-01 08:58:40.300,117.22,10
1900-01-01 08:58:40.600,117.22,12
1900-01-01 08:58:42.800,117.21999999999998,9
1900-01-01 08:58:43.500,117.23,15
1900-01-01 08:58:44.500,117.23,10
1900-01-01 08:58:44.700,117.23,1
1900-01-01 08:58:48.200,117.23,32
1900-01-01 08:58:48.300,117.23,1
1900-01-01 08:58:50.200,117.23,6
1900-01-01 08:58:56.500,117.22,24
1900-01-01 08:58:56.700,117.215,3
1900-01-01 08:59:00.100,117.21,6
1900-01-01 08:59:00.300,117.22,2
1900-01-01 08:59:01.700,117.22,23
1900-01-01 08:59:04.000,117.21,1
1900-01-01 08:59:04.900,117.22,37
1900-01-01 08:59:05.900,117.21999999999998,18
1900-01-01 08:59:07.000,117.22,1
1900-01-01 08:59:10.400,117.22,54
1900-01-01 08:59:17.000,117.23,1
1900-01-01 08:59:18.200,117.23,24
1900-01-01 08:59:18.900,117.24,9
1900-01-01 08:59:19.100,117.23,1
1900-01-01 08:59:19.200,117.23,1
1900-01-01 08:59:20.200,117.23,13
1900-01-01 08:59:21.200,117.23,5
1900-01-01 08:59:22.600,117.23,6
1900-01-01 08:59:25.100,117.24,1
1900-01-01 08:59:26.800,117.22999999999999,24
1900-01-01 08:59:28.600,117.23,3
1900-01-01 08:59:37.000,117.23,2
1900-01-01 08:59:44.200,117.22,1
1900-01-01 08:59:47.000,117.23,1
1900-01-01 08:59:47.500,117.22,42
1900-01-01 08:59:47.600,117.22,1
1900-01-01 08:59:47.800,117.22,2
1900-01-01 08:59:49.800,117.22,1
1900-01-01 08:59:55.200,117.23,61
1900-01-01 08:59:55.300,117.23,41
1900-01-01 08:59:56.700,117.23666666666666,4
1900-01-01 08:59:56.800,117.25,39
1900-01-01 08:59:57.000,117.25,2
1900-01-01 08:59:58.100,117.24,8
1900-01-01 08:59:59.000,117.23166666666667,55
1900-01-01 09:00:00.500,117.23,12
1900-01-01 09:00:00.800,117.22,1
1900-01-01 09:00:01.000,117.23,11
1900-01-01 09:00:01.300,117.23,12
1900-01-01 09:00:02.500,117.23,18
1900-01-01 09:00:04.200,117.23,1
1900-01-01 09:00:05.000,117.23,35
1900-01-01 09:00:05.100,117.23,3
1900-01-01 09:00:07.400,117.23,2
1900-01-01 09:00:10.900,117.22,2
1900-01-01 09:00:12.800,117.21,6
1900-01-01 09:00:13.100,117.21,29
1900-01-01 09:00:13.600,117.21,4
1900-01-01 09:00:13.700,117.21,5
1900-01-01 09:00:14.500,117.21,6
1900-01-01 09:00:17.300,117.21,1
1900-01-01 09:00:17.800,117.21,7
1900-01-01 09:00:21.100,117.21,34
1900-01-01 09:00:23.000,117.21,1
1900-01-01 09:00:27.500,117.21,1
1900-01-01 09:00:29.700,117.21,1
1900-01-01 09:00:29.800,117.21,1
1900-01-01 09:00:29.900,117.21,33
1900-01-01 09:00:30.000,117.21,12
1900-01-01 09:00:30.300,117.2,70
1900-01-01 09:00:31.800,117.18999999999998,71
1900-01-01 09:00:31.900,117.19,13
1900-01-01 09:00:32.000,117.19,7
1900-01-01 09:00:32.200,117.19000000000001,5
1900-01-01 09:00:32.900,117.19,1
1900-01-01 09:00:33.300,117.19933333333333,55
1900-01-01 09:00:34.900,117.2,16
1900-01-01 09:00:35.000,117.2,14
1900-01-01 09:00:35.100,117.2,10
1900-01-01 09:00:35.200,117.2,8
1900-01-01 09:00:35.300,117.2,12
1900-01-01 09:00:36.800,117.20875,45
1900-01-01 09:00:38.400,117.21,16
1900-01-01 09:00:43.300,117.22,15
1900-01-01 09:00:43.400,117.22,2
1900-01-01 09:00:43.500,117.22,6
1900-01-01 09:00:44.000,117.22,1
1900-01-01 09:00:44.700,117.22,4
1900-01-01 09:00:44.900,117.23,12
1900-01-01 09:00:47.900,117.24,5
1900-01-01 09:00:49.400,117.23,8
1900-01-01 09:00:49.700,117.23,1
1900-01-01 09:00:51.700,117.23,2
1900-01-01 09:00:52.000,117.24,42
1900-01-01 09:00:52.200,117.23,9
1900-01-01 09:00:53.100,117.23,1
1900-01-01 09:00:54.300,117.23,2
1900-01-01 09:00:56.700,117.23,1
1900-01-01 09:00:58.000,117.22,1
1900-01-01 09:00:58.400,117.23,1
1900-01-01 09:01:01.000,117.23,16
1900-01-01 09:01:04.300,117.22999999999999,11
1900-01-01 09:01:04.500,117.23,2
1900-01-01 09:01:06.600,117.23,5
1900-01-01 09:01:06.800,117.24,6
1900-01-01 09:01:09.400,117.24,6
1900-01-01 09:01:09.900,117.24,2
1900-01-01 09:01:12.900,117.24,52
1900-01-01 09:01:13.000,117.24,1
1900-01-01 09:01:13.100,117.24,1
1900-01-01 09:01:19.500,117.23,21
1900-01-01 09:01:20.400,117.23,16
1900-01-01 09:01:20.500,117.23,4
1900-01-01 09:01:22.600,117.23,49
1900-01-01 09:01:23.400,117.23,11
1900-01-01 09:01:23.500,117.22999999999999,25
1900-01-01 09:01:23.600,117.23,10
1900-01-01 09:01:23.800,117.23,13
1900-01-01 09:01:24.000,117.23,2
1900-01-01 09:01:24.800,117.21999999999998,9
1900-01-01 09:01:24.900,117.22,11
1900-01-01 09:01:25.900,117.22,3
1900-01-01 09:01:30.100,117.22,11
1900-01-01 09:01:32.000,117.21,1
1900-01-01 09:01:36.800,117.22,4
1900-01-01 09:01:38.000,117.21,1
1900-01-01 09:01:39.100,117.22,5
1900-01-01 09:01:39.200,117.22,9
1900-01-01 09:01:41.300,117.22,26
1900-01-01 09:01:42.100,117.22,2
1900-01-01 09:01:42.200,117.23,9
1900-01-01 09:01:45.400,117.23999999999998,9
1900-01-01 09:01:45.900,117.25,14
1900-01-01 09:01:51.400,117.24,21
1900-01-01 09:01:51.500,117.24,1
1900-01-01 09:01:52.000,117.24,2
1900-01-01 09:01:53.800,117.24,9
1900-01-01 09:01:55.100,117.24,5
1900-01-01 09:01:56.200,117.23,1
1900-01-01 09:01:56.300,117.24,24
1900-01-01 09:01:56.400,117.24,17
1900-01-01 09:01:56.700,117.24,10
1900-01-01 09:01:58.300,117.23,5
1900-01-01 09:02:01.700,117.23,1
1900-01-01 09:02:02.200,117.23,9
1900-01-01 09:02:07.400,117.22999999999999,9
1900-01-01 09:02:07.500,117.23,7
1900-01-01 09:02:07.600,117.23,9
1900-01-01 09:02:07.700,117.23,7
1900-01-01 09:02:11.900,117.23,5
1900-01-01 09:02:13.100,117.23,4
1900-01-01 09:02:18.300,117.22,1
1900-01-01 09:02:19.100,117.22,1
1900-01-01 09:02:20.800,117.23,1
1900-01-01 09:02:21.400,117.22,1
1900-01-01 09:02:26.900,117.21999999999998,61
1900-01-01 09:02:27.000,117.21999999999998,9
1900-01-01 09:02:27.600,117.21999999999998,9
1900-01-01 09:02:27.900,117.22,6
1900-01-01 09:02:30.400,117.22,11
1900-01-01 09:02:30.500,117.22,1
1900-01-01 09:02:33.600,117.21,1
1900-01-01 09:02:36.400,117.22,24
1900-01-01 09:02:36.600,117.21999999999998,11
1900-01-01 09:02:44.200,117.22,2
1900-01-01 09:02:44.300,117.22,28
1900-01-01 09:02:44.500,117.21999999999998,5
1900-01-01 09:02:52.900,117.22,1
1900-01-01 09:02:56.100,117.21,1
1900-01-01 09:02:56.400,117.22,10
1900-01-01 09:02:56.500,117.22,1
1900-01-01 09:03:02.000,117.22,13
1900-01-01 09:03:02.100,117.22,1
1900-01-01 09:03:02.900,117.22,2
1900-01-01 09:03:03.700,117.21,106
1900-01-01 09:03:09.000,117.21999999999998,8
1900-01-01 09:03:09.100,117.22,1
1900-01-01 09:03:09.300,117.22,17
1900-01-01 09:03:18.100,117.23,2
1900-01-01 09:03:18.400,117.22,43
1900-01-01 09:03:22.800,117.22,41
1900-01-01 09:03:24.600,117.22000000000001,39
1900-01-01 09:03:24.700,117.21999999999998,10
1900-01-01 09:03:27.300,117.22,2
1900-01-01 09:03:31.000,117.22,15
1900-01-01 09:03:31.300,117.22,2
1900-01-01 09:03:39.300,117.22,17
1900-01-01 09:03:39.400,117.22,48
1900-01-01 09:03:40.300,117.22,10
1900-01-01 09:03:41.700,117.23,18
1900-01-01 09:03:46.000,117.23999999999998,24
1900-01-01 09:03:46.600,117.24,2
1900-01-01 09:03:47.800,117.24,2
1900-01-01 09:03:48.600,117.23999999999998,11
1900-01-01 09:03:48.700,117.24,1
1900-01-01 09:03:50.000,117.24,18
1900-01-01 09:03:50.100,117.24,3
1900-01-01 09:03:50.200,117.24,8
1900-01-01 09:03:51.700,117.23,40
1900-01-01 09:03:51.800,117.23,49
1900-01-01 09:03:51.900,117.23,9
1900-01-01 09:03:52.100,117.23,2
1900-01-01 09:03:52.600,117.23,5
1900-01-01 09:03:52.800,117.23,2
1900-01-01 09:03:53.200,117.23,1
1900-01-01 09:03:58.000,117.22,1
1900-01-01 09:04:01.100,117.22,18
1900-01-01 09:04:01.300,117.22,5
1900-01-01 09:04:02.500,117.22,9
1900-01-01 09:04:03.900,117.22,3
1900-01-01 09:04:06.300,117.22,1
1900-01-01 09:04:10.700,117.23,6
1900-01-01 09:04:10.900,117.23,1
1900-01-01 09:04:11.800,117.23,1
1900-01-01 09:04:12.100,117.23666666666666,4
1900-01-01 09:04:13.100,117.23,2
1900-01-01 09:04:13.500,117.22999999999999,8
1900-01-01 09:04:16.000,117.23,1
1900-01-01 09:04:16.900,117.23,7
1900-01-01 09:04:17.400,117.23,1
1900-01-01 09:04:18.800,117.23,1
1900-01-01 09:04:22.300,117.23,56
1900-01-01 09:04:22.500,117.23,5
1900-01-01 09:04:26.200,117.23,7
1900-01-01 09:04:26.800,117.23,1
1900-01-01 09:04:26.900,117.23,4
1900-01-01 09:04:27.500,117.23,2
1900-01-01 09:04:30.400,117.23,6
1900-01-01 09:04:33.700,117.22,10
1900-01-01 09:04:35.500,117.22,6
1900-01-01 09:04:36.000,117.22,5
1900-01-01 09:04:40.400,117.22,7
1900-01-01 09:04:43.100,117.22,15
1900-01-01 09:04:43.400,117.22,1
1900-01-01 09:04:47.600,117.22,4
1900-01-01 09:04:47.900,117.22,3
1900-01-01 09:04:49.800,117.22,19
1900-01-01 09:04:50.500,117.21,44
1900-01-01 09:04:50.700,117.21,1
1900-01-01 09:04:50.900,117.21,4
1900-01-01 09:04:51.200,117.2,17
1900-01-01 09:04:52.500,117.19,1
1900-01-01 09:04:52.700,117.19,5
1900-01-01 09:04:53.000,117.2,14
1900-01-01 09:04:53.100,117.2,2
1900-01-01 09:04:53.200,117.2,6
1900-01-01 09:04:53.300,117.2,6
1900-01-01 09:04:54.600,117.2,32
1900-01-01 09:04:54.800,117.2,2
1900-01-01 09:04:56.000,117.21,23
1900-01-01 09:04:56.700,117.2,1
1900-01-01 09:04:59.500,117.2,7
1900-01-01 09:05:00.200,117.20285714285714,22
1900-01-01 09:05:00.400,117.2,2
1900-01-01 09:05:00.500,117.20333333333332,25
1900-01-01 09:05:00.600,117.2,1
1900-01-01 09:05:02.000,117.2,11
1900-01-01 09:05:05.700,117.2,7
1900-01-01 09:05:08.500,117.2,3
1900-01-01 09:05:08.700,117.2,1
1900-01-01 09:05:09.100,117.2,2
1900-01-01 09:05:12.600,117.19,71
1900-01-01 09:05:13.700,117.19,23
1900-01-01 09:05:15.500,117.19,15
1900-01-01 09:05:15.900,117.19,12
1900-01-01 09:05:16.100,117.19,40
1900-01-01 09:05:16.300,117.19,1
1900-01-01 09:05:16.500,117.19,5
1900-01-01 09:05:16.600,117.19,2
1900-01-01 09:05:20.100,117.19999999999999,21
1900-01-01 09:05:20.800,117.2,5
1900-01-01 09:05:21.700,117.2,3
1900-01-01 09:05:22.900,117.2,21
1900-01-01 09:05:25.300,117.2,12
1900-01-01 09:05:29.000,117.2,19
1900-01-01 09:05:29.100,117.2,2
1900-01-01 09:05:32.400,117.21,3
1900-01-01 09:05:37.100,117.21,7
1900-01-01 09:05:37.200,117.21,1
1900-01-01 09:05:38.400,117.21,11
1900-01-01 09:05:38.500,117.21,2
1900-01-01 09:05:41.700,117.21,14
1900-01-01 09:05:41.800,117.21,1
1900-01-01 09:05:42.300,117.21,2
1900-01-01 09:05:42.700,117.20000000000002,43
1900-01-01 09:05:42.800,117.2,2
1900-01-01 09:05:51.700,117.2,1
1900-01-01 09:05:56.400,117.2,1
1900-01-01 09:06:05.900,117.21,10
1900-01-01 09:06:07.000,117.21,9
1900-01-01 09:06:08.100,117.21,10
1900-01-01 09:06:08.400,117.21,3
1900-01-01 09:06:08.600,117.21,9
1900-01-01 09:06:10.000,117.22,1
1900-01-01 09:06:10.200,117.22,2
1900-01-01 09:06:12.000,117.21,14
1900-01-01 09:06:13.700,117.21,10
1900-01-01 09:06:18.100,117.21,16
1900-01-01 09:06:18.200,117.21,11
1900-01-01 09:06:18.300,117.21,1
1900-01-01 09:06:18.700,117.21,1
1900-01-01 09:06:18.800,117.21,48
1900-01-01 09:06:19.000,117.21,10
1900-01-01 09:06:19.100,117.21,10
1900-01-01 09:06:19.200,117.21,12
1900-01-01 09:06:23.200,117.21,15
1900-01-01 09:06:23.300,117.20999999999998,16
1900-01-01 09:06:23.400,117.21,29
1900-01-01 09:06:24.300,117.21,1
1900-01-01 09:06:25.100,117.21,32
1900-01-01 09:06:25.600,117.22,1
1900-01-01 09:06:27.500,117.22000000000001,31
1900-01-01 09:06:27.800,117.22,10
1900-01-01 09:06:30.500,117.22,50
1900-01-01 09:06:30.600,117.22,17
1900-01-01 09:06:30.700,117.22,2
1900-01-01 09:06:33.300,117.22,21
1900-01-01 09:06:33.400,117.21,72
1900-01-01 09:06:33.500,117.21,18
1900-01-01 09:06:38.600,117.21,6
1900-01-01 09:06:44.200,117.2,17
1900-01-01 09:06:46.100,117.2,1
1900-01-01 09:06:47.700,117.2,1
1900-01-01 09:06:47.800,117.2,2
1900-01-01 09:06:49.100,117.2,1
1900-01-01 09:06:53.200,117.19999999999999,88
1900-01-01 09:06:53.300,117.2,4
1900-01-01 09:06:53.800,117.2,1
1900-01-01 09:06:56.600,117.2,53
1900-01-01 09:06:56.700,117.2,4
1900-01-01 09:06:57.600,117.2,1
1900-01-01 09:07:03.200,117.21,12
1900-01-01 09:07:03.300,117.21,40
1900-01-01 09:07:03.400,117.21,6
1900-01-01 09:07:05.600,117.22,45
1900-01-01 09:07:05.800,117.22,1
1900-01-01 09:07:07.400,117.22,9
1900-01-01 09:07:07.500,117.22,4
1900-01-01 09:07:08.000,117.23,14
1900-01-01 09:07:08.100,117.23,3
1900-01-01 09:07:09.000,117.23,1
1900-01-01 09:07:12.400,117.23,16
1900-01-01 09:07:12.900,117.23,4
1900-01-01 09:07:13.900,117.23,1
1900-01-01 09:07:15.200,117.23,6
1900-01-01 09:07:18.000,117.23,4
1900-01-01 09:07:23.600,117.23,6
1900-01-01 09:07:27.100,117.22999999999999,50
1900-01-01 09:07:27.500,117.23,10
1900-01-01 09:07:27.900,117.23,9
1900-01-01 09:07:28.200,117.23,2
1900-01-01 09:07:28.300,117.23,4
1900-01-01 09:07:28.400,117.23,7
1900-01-01 09:07:29.800,117.23,14
1900-01-01 09:07:32.600,117.23,72
1900-01-01 09:07:32.700,117.23,1
1900-01-01 09:07:33.200,117.23,4
1900-01-01 09:07:34.400,117.22,12
1900-01-01 09:07:34.700,117.22,7
1900-01-01 09:07:34.900,117.22,5
1900-01-01 09:07:35.200,117.22,4
1900-01-01 09:07:41.100,117.23,12
1900-01-01 09:07:42.500,117.22,21
1900-01-01 09:07:45.500,117.22,31
1900-01-01 09:07:45.600,117.22,1
1900-01-01 09:07:45.900,117.2218181818182,39
1900-01-01 09:07:46.000,117.227,111
1900-01-01 09:07:46.100,117.22548387096775,134
1900-01-01 09:07:46.200,117.22266666666665,44
1900-01-01 09:07:47.700,117.21,4
1900-01-01 09:07:48.000,117.21,1
1900-01-01 09:07:53.800,117.21,2
1900-01-01 09:07:55.200,117.20999999999998,23
1900-01-01 09:07:56.000,117.21,2
1900-01-01 09:07:56.100,117.21,1
1900-01-01 09:07:56.600,117.2,1
1900-01-01 09:07:57.100,117.21,14
1900-01-01 09:07:59.100,117.21,237
1900-01-01 09:07:59.400,117.19999999999999,20
1900-01-01 09:08:02.800,117.21,1
1900-01-01 09:08:04.000,117.2,10
1900-01-01 09:08:04.100,117.2,7
1900-01-01 09:08:04.300,117.2,6
1900-01-01 09:08:04.500,117.2,5
1900-01-01 09:08:05.000,117.2,7
1900-01-01 09:08:09.800,117.2,14
1900-01-01 09:08:11.000,117.2,6
1900-01-01 09:08:13.000,117.2,8
1900-01-01 09:08:15.500,117.2,5
1900-01-01 09:08:16.200,117.1904,90
1900-01-01 09:08:16.300,117.19000000000001,69
1900-01-01 09:08:16.400,117.19,11
1900-01-01 09:08:20.800,117.2,8
1900-01-01 09:08:22.800,117.19,53
1900-01-01 09:08:22.900,117.19,3
1900-01-01 09:08:23.400,117.17999999999999,11
1900-01-01 09:08:23.500,117.19,4
1900-01-01 09:08:23.700,117.19677419354838,107
1900-01-01 09:08:23.800,117.2,29
1900-01-01 09:08:23.900,117.2,14
1900-01-01 09:08:24.000,117.2,18
1900-01-01 09:08:27.600,117.20999999999998,17
1900-01-01 09:08:28.700,117.2,105
1900-01-01 09:08:28.800,117.2,4
1900-01-01 09:08:30.800,117.2,1
1900-01-01 09:08:33.000,117.2,4
1900-01-01 09:08:38.400,117.2,2
1900-01-01 09:08:38.600,117.2,1
1900-01-01 09:08:38.800,117.2,4
1900-01-01 09:08:40.300,117.2,9
1900-01-01 09:08:41.500,117.2,1
1900-01-01 09:08:41.600,117.2,2
1900-01-01 09:08:44.600,117.2,3
1900-01-01 09:08:44.700,117.21,1
1900-01-01 09:08:45.300,117.2,2
1900-01-01 09:08:45.800,117.2,7
1900-01-01 09:08:53.700,117.19,58
1900-01-01 09:08:53.800,117.19,2
1900-01-01 09:08:54.100,117.19,5
1900-01-01 09:08:54.600,117.19,4
1900-01-01 09:08:55.600,117.19,5
1900-01-01 09:08:57.800,117.19,12
1900-01-01 09:09:00.200,117.19,1
1900-01-01 09:09:01.300,117.19,1
1900-01-01 09:09:04.000,117.17999999999999,10
1900-01-01 09:09:07.600,117.18,18
1900-01-01 09:09:11.200,117.17,2
1900-01-01 09:09:12.000,117.17,14
1900-01-01 09:09:13.600,117.17,7
1900-01-01 09:09:13.800,117.17,2
1900-01-01 09:09:19.300,117.17,4
1900-01-01 09:09:19.400,117.17,1
1900-01-01 09:09:19.600,117.17,10
1900-01-01 09:09:20.100,117.17,14
1900-01-01 09:09:20.300,117.18,3
1900-01-01 09:09:20.900,117.16,36
1900-01-01 09:09:21.600,117.17,3
1900-01-01 09:09:21.700,117.16,1
1900-01-01 09:09:21.900,117.17,8
1900-01-01 09:09:22.300,117.17,2
1900-01-01 09:09:23.300,117.17,2
1900-01-01 09:09:30.800,117.17,1
1900-01-01 09:09:31.300,117.16,1
1900-01-01 09:09:32.700,117.16,10
1900-01-01 09:09:36.900,117.16,1
1900-01-01 09:09:37.300,117.16,27
1900-01-01 09:09:37.400,117.16,2
1900-01-01 09:09:38.000,117.15,1
1900-01-01 09:09:40.100,117.15,56
1900-01-01 09:09:40.200,117.15,2
1900-01-01 09:09:40.300,117.16,4
1900-01-01 09:09:41.700,117.15,1
1900-01-01 09:09:42.800,117.16,27
1900-01-01 09:09:42.900,117.16,12
1900-01-01 09:09:43.500,117.16,4
1900-01-01 09:09:43.700,117.16,7
1900-01-01 09:09:44.700,117.16,10
1900-01-01 09:09:45.100,117.16,69
1900-01-01 09:09:45.200,117.16083333333334,26
1900-01-01 09:09:45.500,117.16,1
1900-01-01 09:09:45.800,117.16,9
1900-01-01 09:09:46.400,117.16000000000001,8
1900-01-01 09:09:46.800,117.15,2
1900-01-01 09:09:48.400,117.16,5
1900-01-01 09:09:50.000,117.16000000000001,32
1900-01-01 09:09:51.900,117.17,19
1900-01-01 09:09:55.100,117.18,3
1900-01-01 09:09:56.100,117.18000000000002,15
1900-01-01 09:09:56.500,117.17,20
1900-01-01 09:09:56.600,117.17,1
1900-01-01 09:09:58.100,117.17,2
